1,1.0,"[('average_q', 0.009103595522004987), ('average_loss', 0), ('n_updates', 0)]"
2,2.0,"[('average_q', 0.014676410736578832), ('average_loss', 0), ('n_updates', 0)]"
3,1.0,"[('average_q', 0.013451815060249814), ('average_loss', 0), ('n_updates', 0)]"
4,1.0,"[('average_q', 0.014035996503345959), ('average_loss', 0), ('n_updates', 0)]"
5,1.0,"[('average_q', 0.022433495192626825), ('average_loss', 0), ('n_updates', 0)]"
6,1.0,"[('average_q', 0.024415952423620147), ('average_loss', 0), ('n_updates', 0)]"
7,1.0,"[('average_q', 0.026688629001586125), ('average_loss', 0), ('n_updates', 0)]"
8,0.0,"[('average_q', 0.03092520999851124), ('average_loss', 0), ('n_updates', 0)]"
9,0.0,"[('average_q', 0.03515328944262431), ('average_loss', 0), ('n_updates', 0)]"
10,0.0,"[('average_q', 0.03910232665447351), ('average_loss', 0), ('n_updates', 0)]"
11,0.0,"[('average_q', 0.04281768025248083), ('average_loss', 0.002891814767071128), ('n_updates', 11)]"
12,0.0,"[('average_q', 0.04777513895238822), ('average_loss', 0.005432549865176933), ('n_updates', 34)]"
13,1.0,"[('average_q', 0.06375433378309), ('average_loss', 0.007434518831568972), ('n_updates', 98)]"
14,0.0,"[('average_q', 0.07102220281910057), ('average_loss', 0.009003053501395698), ('n_updates', 121)]"
15,0.0,"[('average_q', 0.07903727426103453), ('average_loss', 0.008563635699990494), ('n_updates', 144)]"
16,0.0,"[('average_q', 0.08680923268777206), ('average_loss', 0.008274884007717908), ('n_updates', 167)]"
17,0.0,"[('average_q', 0.09407716739913799), ('average_loss', 0.007847459873719317), ('n_updates', 190)]"
18,0.0,"[('average_q', 0.10163339359337407), ('average_loss', 0.00823689835309254), ('n_updates', 213)]"
19,0.0,"[('average_q', 0.10949587476441273), ('average_loss', 0.008050938630548808), ('n_updates', 236)]"
20,0.0,"[('average_q', 0.11660652547206089), ('average_loss', 0.008066977661324975), ('n_updates', 259)]"
21,0.0,"[('average_q', 0.1230345422040135), ('average_loss', 0.008033485037214558), ('n_updates', 282)]"
22,0.0,"[('average_q', 0.12984986051697636), ('average_loss', 0.00788755246137869), ('n_updates', 305)]"
23,0.0,"[('average_q', 0.1354432491853362), ('average_loss', 0.0074678127570986345), ('n_updates', 328)]"
24,0.0,"[('average_q', 0.14094835677835793), ('average_loss', 0.007068806435548306), ('n_updates', 351)]"
25,0.0,"[('average_q', 0.1468703071254445), ('average_loss', 0.006749309372508404), ('n_updates', 374)]"
26,0.0,"[('average_q', 0.15331174207833687), ('average_loss', 0.006331636454282521), ('n_updates', 397)]"
27,0.0,"[('average_q', 0.15853506729421013), ('average_loss', 0.006483694773048979), ('n_updates', 420)]"
28,0.0,"[('average_q', 0.16359217728823114), ('average_loss', 0.00695495796396016), ('n_updates', 443)]"
29,0.0,"[('average_q', 0.16909833952101705), ('average_loss', 0.006940999201337153), ('n_updates', 466)]"
30,0.0,"[('average_q', 0.17449818273951975), ('average_loss', 0.006340575194438472), ('n_updates', 489)]"
31,0.0,"[('average_q', 0.17944785284915218), ('average_loss', 0.006455765795300525), ('n_updates', 512)]"
32,0.0,"[('average_q', 0.18440172562607537), ('average_loss', 0.007185722058099136), ('n_updates', 535)]"
33,0.0,"[('average_q', 0.1889244646266454), ('average_loss', 0.007272351402023193), ('n_updates', 558)]"
34,0.0,"[('average_q', 0.1970258122992749), ('average_loss', 0.0067127897928798), ('n_updates', 581)]"
35,0.0,"[('average_q', 0.2007279710867124), ('average_loss', 0.00708920233732039), ('n_updates', 604)]"
36,0.0,"[('average_q', 0.20891575862958794), ('average_loss', 0.006642624258170539), ('n_updates', 627)]"
37,0.0,"[('average_q', 0.21468096791084054), ('average_loss', 0.006720556207641826), ('n_updates', 650)]"
38,0.0,"[('average_q', 0.21753127521169802), ('average_loss', 0.006469306188720984), ('n_updates', 673)]"
39,0.0,"[('average_q', 0.2250717023084563), ('average_loss', 0.006124626566146532), ('n_updates', 696)]"
40,0.0,"[('average_q', 0.22846777945965666), ('average_loss', 0.006423443808009647), ('n_updates', 719)]"
41,0.0,"[('average_q', 0.2329271989132658), ('average_loss', 0.006578013437240984), ('n_updates', 742)]"
42,0.0,"[('average_q', 0.2379422817569885), ('average_loss', 0.00686177812777874), ('n_updates', 765)]"
43,0.0,"[('average_q', 0.24037062657772476), ('average_loss', 0.006472820837009489), ('n_updates', 788)]"
44,0.0,"[('average_q', 0.24275128255830908), ('average_loss', 0.006522809951109824), ('n_updates', 811)]"
45,0.0,"[('average_q', 0.24896547845540404), ('average_loss', 0.0064527698918965875), ('n_updates', 834)]"
46,0.0,"[('average_q', 0.2536737783840485), ('average_loss', 0.0058014691494784835), ('n_updates', 857)]"
47,0.0,"[('average_q', 0.2608065757767929), ('average_loss', 0.0057449520167012404), ('n_updates', 880)]"
48,0.0,"[('average_q', 0.26641286697070077), ('average_loss', 0.005844500239547023), ('n_updates', 903)]"
49,0.0,"[('average_q', 0.2714463369076913), ('average_loss', 0.006318718795963252), ('n_updates', 926)]"
50,0.0,"[('average_q', 0.27809766844963224), ('average_loss', 0.0059891616116102015), ('n_updates', 949)]"
51,0.0,"[('average_q', 0.28126092711365835), ('average_loss', 0.00609591009830919), ('n_updates', 972)]"
52,0.0,"[('average_q', 0.28626845041882854), ('average_loss', 0.0052761584561365656), ('n_updates', 995)]"
53,0.0,"[('average_q', 0.2912833136696069), ('average_loss', 0.006357662324729047), ('n_updates', 1018)]"
54,0.0,"[('average_q', 0.2972661412211107), ('average_loss', 0.0066118576769646185), ('n_updates', 1041)]"
55,0.0,"[('average_q', 0.3040376154902758), ('average_loss', 0.00676820277296909), ('n_updates', 1064)]"
56,0.0,"[('average_q', 0.31007632199884855), ('average_loss', 0.006451285200583301), ('n_updates', 1087)]"
57,0.0,"[('average_q', 0.3149308934644016), ('average_loss', 0.0068014388765517885), ('n_updates', 1110)]"
58,0.0,"[('average_q', 0.3223891018620366), ('average_loss', 0.0068824048684594935), ('n_updates', 1133)]"
59,0.0,"[('average_q', 0.3268763713259273), ('average_loss', 0.006392963771706513), ('n_updates', 1156)]"
60,0.0,"[('average_q', 0.3335598249340747), ('average_loss', 0.005650771985719236), ('n_updates', 1179)]"
61,0.0,"[('average_q', 0.33800580738186403), ('average_loss', 0.005812338624373468), ('n_updates', 1202)]"
62,1.0,"[('average_q', 0.34275427982079937), ('average_loss', 0.005168547430469927), ('n_updates', 1266)]"
63,0.0,"[('average_q', 0.349594572289263), ('average_loss', 0.005086189353980056), ('n_updates', 1289)]"
64,0.0,"[('average_q', 0.3564343157926093), ('average_loss', 0.004821483929914513), ('n_updates', 1312)]"
65,2.0,"[('average_q', 0.3584431826394689), ('average_loss', 0.004840945710664593), ('n_updates', 1405)]"
66,0.0,"[('average_q', 0.365567355317934), ('average_loss', 0.004929180026063177), ('n_updates', 1428)]"
67,0.0,"[('average_q', 0.372415232407419), ('average_loss', 0.005052977490253738), ('n_updates', 1451)]"
68,0.0,"[('average_q', 0.37817749427770775), ('average_loss', 0.005160432349437308), ('n_updates', 1474)]"
69,0.0,"[('average_q', 0.38254677018881345), ('average_loss', 0.00494503748569103), ('n_updates', 1497)]"
70,0.0,"[('average_q', 0.3885242834270723), ('average_loss', 0.005937818044899017), ('n_updates', 1520)]"
71,1.0,"[('average_q', 0.3836162436539986), ('average_loss', 0.004930637745946136), ('n_updates', 1580)]"
72,1.0,"[('average_q', 0.3856146969889345), ('average_loss', 0.005195917027040332), ('n_updates', 1644)]"
73,1.0,"[('average_q', 0.39819172821406973), ('average_loss', 0.0044991821783651), ('n_updates', 1708)]"
74,0.0,"[('average_q', 0.4043448806383792), ('average_loss', 0.005316373720624945), ('n_updates', 1731)]"
75,1.0,"[('average_q', 0.4147317320637935), ('average_loss', 0.005784910730354796), ('n_updates', 1795)]"
76,1.0,"[('average_q', 0.42531546201676196), ('average_loss', 0.005188851779710567), ('n_updates', 1859)]"
77,1.0,"[('average_q', 0.4226687610723536), ('average_loss', 0.005206698359729887), ('n_updates', 1913)]"
78,1.0,"[('average_q', 0.42281263936851077), ('average_loss', 0.005286716194693936), ('n_updates', 1977)]"
79,2.0,"[('average_q', 0.4134233509847461), ('average_loss', 0.005498090270197914), ('n_updates', 2080)]"
80,1.0,"[('average_q', 0.4141745848578336), ('average_loss', 0.006677718968035787), ('n_updates', 2132)]"
81,1.0,"[('average_q', 0.4190032849216051), ('average_loss', 0.006616247508826221), ('n_updates', 2196)]"
82,1.0,"[('average_q', 0.4205610432401982), ('average_loss', 0.005862968516888619), ('n_updates', 2252)]"
83,1.0,"[('average_q', 0.4227531261532064), ('average_loss', 0.006298068958855218), ('n_updates', 2316)]"
84,1.0,"[('average_q', 0.4277542043914666), ('average_loss', 0.005476071872398865), ('n_updates', 2380)]"
85,1.0,"[('average_q', 0.42878033098402707), ('average_loss', 0.0058668776000691675), ('n_updates', 2444)]"
86,1.0,"[('average_q', 0.42903175278996974), ('average_loss', 0.006759951565128297), ('n_updates', 2508)]"
87,1.0,"[('average_q', 0.42960366543901934), ('average_loss', 0.006345035804064271), ('n_updates', 2569)]"
88,1.0,"[('average_q', 0.42921452776131236), ('average_loss', 0.006310790332359594), ('n_updates', 2633)]"
89,1.0,"[('average_q', 0.4301974599928256), ('average_loss', 0.006276547723787516), ('n_updates', 2697)]"
90,1.0,"[('average_q', 0.4336130170505419), ('average_loss', 0.007122174675697973), ('n_updates', 2761)]"
91,2.0,"[('average_q', 0.43039586613566144), ('average_loss', 0.007282219022914472), ('n_updates', 2864)]"
92,0.0,"[('average_q', 0.4373370731488559), ('average_loss', 0.007203928055336637), ('n_updates', 2887)]"
93,1.0,"[('average_q', 0.43995921440011015), ('average_loss', 0.006862521900881998), ('n_updates', 2951)]"
94,1.0,"[('average_q', 0.4416641116028914), ('average_loss', 0.007362913799998792), ('n_updates', 3015)]"
95,1.0,"[('average_q', 0.44774727284187044), ('average_loss', 0.008242255979504742), ('n_updates', 3079)]"
96,1.0,"[('average_q', 0.4510253858807426), ('average_loss', 0.008051431348646132), ('n_updates', 3143)]"
97,1.0,"[('average_q', 0.46122393321022115), ('average_loss', 0.007824864419557096), ('n_updates', 3207)]"
98,1.0,"[('average_q', 0.46777140758382507), ('average_loss', 0.008809449059594972), ('n_updates', 3271)]"
99,1.0,"[('average_q', 0.47143432270634833), ('average_loss', 0.009155196737431037), ('n_updates', 3335)]"
100,1.0,"[('average_q', 0.47169261524518274), ('average_loss', 0.009857824729560222), ('n_updates', 3394)]"
101,1.0,"[('average_q', 0.47561429808822103), ('average_loss', 0.008181219265867831), ('n_updates', 3458)]"
102,1.0,"[('average_q', 0.4778552699860018), ('average_loss', 0.00790884690127716), ('n_updates', 3522)]"
103,2.0,"[('average_q', 0.47772116988912466), ('average_loss', 0.008656576639417178), ('n_updates', 3625)]"
104,1.0,"[('average_q', 0.48762175939440927), ('average_loss', 0.009762547011125423), ('n_updates', 3689)]"
105,1.0,"[('average_q', 0.4913573282911281), ('average_loss', 0.00914138229505099), ('n_updates', 3753)]"
106,4.0,"[('average_q', 0.39329940271245023), ('average_loss', 0.009506905032889468), ('n_updates', 3928)]"
107,1.0,"[('average_q', 0.403117272225408), ('average_loss', 0.009573687737393624), ('n_updates', 3992)]"
108,1.0,"[('average_q', 0.41490257208633763), ('average_loss', 0.00849739649849082), ('n_updates', 4056)]"
109,1.0,"[('average_q', 0.42198759581232115), ('average_loss', 0.009077409813505419), ('n_updates', 4115)]"
110,1.0,"[('average_q', 0.4325738151397915), ('average_loss', 0.009740679227919798), ('n_updates', 4179)]"
111,1.0,"[('average_q', 0.4437259812757177), ('average_loss', 0.009674876047780702), ('n_updates', 4243)]"
112,1.0,"[('average_q', 0.4548078918383148), ('average_loss', 0.008550946538781337), ('n_updates', 4307)]"
113,2.0,"[('average_q', 0.4630981247715363), ('average_loss', 0.008706463981503076), ('n_updates', 4397)]"
114,1.0,"[('average_q', 0.4726911301479342), ('average_loss', 0.009421001051340236), ('n_updates', 4461)]"
115,1.0,"[('average_q', 0.4828227045697592), ('average_loss', 0.009895253439070564), ('n_updates', 4525)]"
116,1.0,"[('average_q', 0.49638341239898853), ('average_loss', 0.009624360093555363), ('n_updates', 4589)]"
117,2.0,"[('average_q', 0.5068393035309363), ('average_loss', 0.008875854724844626), ('n_updates', 4678)]"
118,1.0,"[('average_q', 0.5225375776149045), ('average_loss', 0.00922429880076428), ('n_updates', 4742)]"
119,1.0,"[('average_q', 0.5503029009681022), ('average_loss', 0.009883752255834571), ('n_updates', 4806)]"
120,2.0,"[('average_q', 0.5523215523640741), ('average_loss', 0.010182865997634351), ('n_updates', 4890)]"
121,2.0,"[('average_q', 0.5577588962843484), ('average_loss', 0.009445861245170764), ('n_updates', 4989)]"
122,1.0,"[('average_q', 0.565976744599808), ('average_loss', 0.009056749632903089), ('n_updates', 5053)]"
123,2.0,"[('average_q', 0.5689649381391201), ('average_loss', 0.010098139290436039), ('n_updates', 5153)]"
124,2.0,"[('average_q', 0.5664278916587351), ('average_loss', 0.01143714742510734), ('n_updates', 5256)]"
125,2.0,"[('average_q', 0.5692397311186155), ('average_loss', 0.010904080194739072), ('n_updates', 5347)]"
126,2.0,"[('average_q', 0.5666929079570309), ('average_loss', 0.01040522314220507), ('n_updates', 5448)]"
127,2.0,"[('average_q', 0.5692426969783222), ('average_loss', 0.011337862049409612), ('n_updates', 5539)]"
128,1.0,"[('average_q', 0.5935939609592447), ('average_loss', 0.011457414926856294), ('n_updates', 5603)]"
129,1.0,"[('average_q', 0.6255736693021358), ('average_loss', 0.011322165159803683), ('n_updates', 5667)]"
130,1.0,"[('average_q', 0.6532499402186268), ('average_loss', 0.012470828077840548), ('n_updates', 5731)]"
131,1.0,"[('average_q', 0.6841703355543134), ('average_loss', 0.011885306040260913), ('n_updates', 5795)]"
132,1.0,"[('average_q', 0.7025848928974584), ('average_loss', 0.01139054232243605), ('n_updates', 5859)]"
133,2.0,"[('average_q', 0.7026665840502425), ('average_loss', 0.013881342952521173), ('n_updates', 5958)]"
134,2.0,"[('average_q', 0.7094137387789697), ('average_loss', 0.012487699211365328), ('n_updates', 6055)]"
135,2.0,"[('average_q', 0.7076869507720731), ('average_loss', 0.012156010089631408), ('n_updates', 6154)]"
136,1.0,"[('average_q', 0.7367291497913083), ('average_loss', 0.01238979428267563), ('n_updates', 6218)]"
137,2.0,"[('average_q', 0.7383928327011012), ('average_loss', 0.013185386626196439), ('n_updates', 6311)]"
138,2.0,"[('average_q', 0.741873435719288), ('average_loss', 0.013907128375252235), ('n_updates', 6407)]"
139,1.0,"[('average_q', 0.7737542718130211), ('average_loss', 0.012961012493100511), ('n_updates', 6471)]"
140,1.0,"[('average_q', 0.8032069233084144), ('average_loss', 0.013509124825240495), ('n_updates', 6535)]"
141,1.0,"[('average_q', 0.832781155537922), ('average_loss', 0.014051923376629432), ('n_updates', 6599)]"
142,1.0,"[('average_q', 0.855025479737474), ('average_loss', 0.014482005975779508), ('n_updates', 6663)]"
143,2.0,"[('average_q', 0.8583416725122098), ('average_loss', 0.013131297274436857), ('n_updates', 6766)]"
144,1.0,"[('average_q', 0.884711129634941), ('average_loss', 0.012286435404502067), ('n_updates', 6830)]"
145,1.0,"[('average_q', 0.9059020862507923), ('average_loss', 0.011869040630534606), ('n_updates', 6894)]"
146,1.0,"[('average_q', 0.9300377918283049), ('average_loss', 0.013136690456832365), ('n_updates', 6958)]"
147,1.0,"[('average_q', 0.9585446499304313), ('average_loss', 0.014212023668578233), ('n_updates', 7022)]"
148,1.0,"[('average_q', 0.9836924983497037), ('average_loss', 0.014125639360561012), ('n_updates', 7086)]"
149,1.0,"[('average_q', 1.007568962140845), ('average_loss', 0.013968871371520634), ('n_updates', 7150)]"
150,1.0,"[('average_q', 1.0277974054727153), ('average_loss', 0.015309146588019453), ('n_updates', 7214)]"
151,2.0,"[('average_q', 1.0030288333272523), ('average_loss', 0.017005956945471044), ('n_updates', 7311)]"
152,1.0,"[('average_q', 1.020234984530244), ('average_loss', 0.015460785482331103), ('n_updates', 7375)]"
153,1.0,"[('average_q', 1.0331512229025313), ('average_loss', 0.01622021620487758), ('n_updates', 7439)]"
154,1.0,"[('average_q', 1.0483127233453782), ('average_loss', 0.015449626595207145), ('n_updates', 7503)]"
155,1.0,"[('average_q', 1.0659988820601558), ('average_loss', 0.01365864466217918), ('n_updates', 7567)]"
156,1.0,"[('average_q', 1.083901071227183), ('average_loss', 0.013304466563649465), ('n_updates', 7631)]"
157,0.0,"[('average_q', 1.1029738691716835), ('average_loss', 0.012540389275344174), ('n_updates', 7654)]"
158,0.0,"[('average_q', 1.1224244834598383), ('average_loss', 0.013636961756104503), ('n_updates', 7677)]"
159,1.0,"[('average_q', 1.1400127201463426), ('average_loss', 0.0150277683727047), ('n_updates', 7741)]"
160,1.0,"[('average_q', 1.156544415259222), ('average_loss', 0.013715029924169276), ('n_updates', 7805)]"
161,1.0,"[('average_q', 1.171934681025208), ('average_loss', 0.013402402563156883), ('n_updates', 7869)]"
162,1.0,"[('average_q', 1.1802835295053922), ('average_loss', 0.016475843752018236), ('n_updates', 7933)]"
163,1.0,"[('average_q', 1.1886227973498682), ('average_loss', 0.015990539468192583), ('n_updates', 7997)]"
164,1.0,"[('average_q', 1.1932605855022962), ('average_loss', 0.014412959792959838), ('n_updates', 8061)]"
165,2.0,"[('average_q', 1.1457192033091672), ('average_loss', 0.012667993994549076), ('n_updates', 8160)]"
166,1.0,"[('average_q', 1.1509113555289097), ('average_loss', 0.013516124396713501), ('n_updates', 8224)]"
167,0.0,"[('average_q', 1.1712829947092827), ('average_loss', 0.014431162362593446), ('n_updates', 8247)]"
168,0.0,"[('average_q', 1.19086218054224), ('average_loss', 0.01431841663033518), ('n_updates', 8270)]"
169,1.0,"[('average_q', 1.1926812704431389), ('average_loss', 0.01416220312485914), ('n_updates', 8334)]"
170,0.0,"[('average_q', 1.2123318149760507), ('average_loss', 0.013931671278466444), ('n_updates', 8357)]"
171,1.0,"[('average_q', 1.2209276472439026), ('average_loss', 0.01453306427943396), ('n_updates', 8421)]"
172,1.0,"[('average_q', 1.2183622815956856), ('average_loss', 0.015235305167597891), ('n_updates', 8485)]"
173,1.0,"[('average_q', 1.2205560263909854), ('average_loss', 0.016457909624623263), ('n_updates', 8549)]"
174,1.0,"[('average_q', 1.2203509516752689), ('average_loss', 0.01810310108295962), ('n_updates', 8613)]"
175,1.0,"[('average_q', 1.2229489473188266), ('average_loss', 0.01705452849124812), ('n_updates', 8677)]"
176,1.0,"[('average_q', 1.2196572061681985), ('average_loss', 0.015415866970856274), ('n_updates', 8741)]"
177,1.0,"[('average_q', 1.2277702925217768), ('average_loss', 0.014809906789166936), ('n_updates', 8805)]"
178,1.0,"[('average_q', 1.234696192518853), ('average_loss', 0.014475943801149603), ('n_updates', 8869)]"
179,1.0,"[('average_q', 1.231523994100726), ('average_loss', 0.014183158966955382), ('n_updates', 8933)]"
180,0.0,"[('average_q', 1.2536625000383517), ('average_loss', 0.01375193767066083), ('n_updates', 8956)]"
181,0.0,"[('average_q', 1.2749233899269607), ('average_loss', 0.013756011324288593), ('n_updates', 8979)]"
182,0.0,"[('average_q', 1.2963073598304127), ('average_loss', 0.013035728520859945), ('n_updates', 9002)]"
183,0.0,"[('average_q', 1.3170547440264115), ('average_loss', 0.014469997366760686), ('n_updates', 9025)]"
184,1.0,"[('average_q', 1.3191586513619622), ('average_loss', 0.013665028932646503), ('n_updates', 9089)]"
185,0.0,"[('average_q', 1.3402880562622597), ('average_loss', 0.013175832896054266), ('n_updates', 9112)]"
186,0.0,"[('average_q', 1.360748726236083), ('average_loss', 0.012907707314596716), ('n_updates', 9135)]"
187,1.0,"[('average_q', 1.3593052345948538), ('average_loss', 0.01485886871812458), ('n_updates', 9201)]"
188,0.0,"[('average_q', 1.379718519849947), ('average_loss', 0.014049051091253331), ('n_updates', 9224)]"
189,0.0,"[('average_q', 1.399657413440473), ('average_loss', 0.01410675182359603), ('n_updates', 9247)]"
190,0.0,"[('average_q', 1.4196193212162938), ('average_loss', 0.01605569681041771), ('n_updates', 9270)]"
191,1.0,"[('average_q', 1.4150480076738343), ('average_loss', 0.01698145183831611), ('n_updates', 9334)]"
192,1.0,"[('average_q', 1.4095933935818974), ('average_loss', 0.016424648855091872), ('n_updates', 9398)]"
193,0.0,"[('average_q', 1.429864881668248), ('average_loss', 0.016267591233669172), ('n_updates', 9421)]"
194,0.0,"[('average_q', 1.4509252519954239), ('average_loss', 0.016559349019372793), ('n_updates', 9444)]"
195,0.0,"[('average_q', 1.470770041029928), ('average_loss', 0.0159840698025905), ('n_updates', 9467)]"
196,0.0,"[('average_q', 1.4900334159002369), ('average_loss', 0.01610280152881092), ('n_updates', 9490)]"
197,0.0,"[('average_q', 1.5094888532319715), ('average_loss', 0.01489151129084934), ('n_updates', 9513)]"
198,0.0,"[('average_q', 1.5290436619584313), ('average_loss', 0.014161791040713169), ('n_updates', 9536)]"
199,0.0,"[('average_q', 1.548666479492613), ('average_loss', 0.017408985236299756), ('n_updates', 9559)]"
200,0.0,"[('average_q', 1.5670839140368076), ('average_loss', 0.01838323149586935), ('n_updates', 9582)]"
201,0.0,"[('average_q', 1.5853255614849822), ('average_loss', 0.017732739319964858), ('n_updates', 9605)]"
202,0.0,"[('average_q', 1.6030596725688784), ('average_loss', 0.01712369677777182), ('n_updates', 9628)]"
203,0.0,"[('average_q', 1.620649610944378), ('average_loss', 0.016711232621065903), ('n_updates', 9651)]"
204,0.0,"[('average_q', 1.6381136124574471), ('average_loss', 0.017276858167553918), ('n_updates', 9674)]"
205,0.0,"[('average_q', 1.6543903976199419), ('average_loss', 0.02013947250602852), ('n_updates', 9697)]"
206,0.0,"[('average_q', 1.6699771622607542), ('average_loss', 0.019285123366849444), ('n_updates', 9720)]"
207,0.0,"[('average_q', 1.6851273498999162), ('average_loss', 0.018921356440289104), ('n_updates', 9743)]"
208,0.0,"[('average_q', 1.6999837777616167), ('average_loss', 0.01783436462076603), ('n_updates', 9766)]"
209,0.0,"[('average_q', 1.7151655875023726), ('average_loss', 0.017376490072540513), ('n_updates', 9789)]"
210,0.0,"[('average_q', 1.729395041083012), ('average_loss', 0.017067653932104594), ('n_updates', 9812)]"
211,0.0,"[('average_q', 1.7434878304692638), ('average_loss', 0.01719812971860968), ('n_updates', 9835)]"
212,1.0,"[('average_q', 1.7201759070155547), ('average_loss', 0.01614548430828913), ('n_updates', 9899)]"
213,0.0,"[('average_q', 1.733485708573981), ('average_loss', 0.017709607877531796), ('n_updates', 9922)]"
214,0.0,"[('average_q', 1.7476337816064105), ('average_loss', 0.017765661784755738), ('n_updates', 9945)]"
215,0.0,"[('average_q', 1.7605290902604038), ('average_loss', 0.017591932092687772), ('n_updates', 9968)]"
216,0.0,"[('average_q', 1.7729059308515582), ('average_loss', 0.019177259310078153), ('n_updates', 9991)]"
217,1.0,"[('average_q', 1.7507554785052553), ('average_loss', 0.018901566762294292), ('n_updates', 10055)]"
218,0.0,"[('average_q', 1.7647704715929724), ('average_loss', 0.01936922853646692), ('n_updates', 10078)]"
219,0.0,"[('average_q', 1.7790049917296618), ('average_loss', 0.019273090770980175), ('n_updates', 10101)]"
220,0.0,"[('average_q', 1.7917199424484411), ('average_loss', 0.018213144429098483), ('n_updates', 10124)]"
221,0.0,"[('average_q', 1.8041675464678613), ('average_loss', 0.01734764871138448), ('n_updates', 10147)]"
222,0.0,"[('average_q', 1.8175306956380999), ('average_loss', 0.01640210715882573), ('n_updates', 10170)]"
223,0.0,"[('average_q', 1.830626398983233), ('average_loss', 0.01416405924733489), ('n_updates', 10193)]"
224,0.0,"[('average_q', 1.8426440712925904), ('average_loss', 0.014313515644448604), ('n_updates', 10216)]"
225,0.0,"[('average_q', 1.8546397774849723), ('average_loss', 0.014365225357897563), ('n_updates', 10239)]"
226,0.0,"[('average_q', 1.865422876639345), ('average_loss', 0.01540439145183174), ('n_updates', 10262)]"
227,0.0,"[('average_q', 1.8765190656185324), ('average_loss', 0.017845266851764244), ('n_updates', 10285)]"
228,0.0,"[('average_q', 1.887712973174459), ('average_loss', 0.017118391548922494), ('n_updates', 10308)]"
229,0.0,"[('average_q', 1.8976576065692183), ('average_loss', 0.016258842410835143), ('n_updates', 10331)]"
230,0.0,"[('average_q', 1.9070537267938543), ('average_loss', 0.01572250876945053), ('n_updates', 10354)]"
231,0.0,"[('average_q', 1.9169040146978173), ('average_loss', 0.01623185092817759), ('n_updates', 10377)]"
232,0.0,"[('average_q', 1.9264948696844246), ('average_loss', 0.016724487909660923), ('n_updates', 10400)]"
233,0.0,"[('average_q', 1.9349859051151925), ('average_loss', 0.014941669066740933), ('n_updates', 10423)]"
234,0.0,"[('average_q', 1.9426383172497232), ('average_loss', 0.015861664990785063), ('n_updates', 10446)]"
235,0.0,"[('average_q', 1.9509374751342898), ('average_loss', 0.015057977485147749), ('n_updates', 10469)]"
236,0.0,"[('average_q', 1.958233723585336), ('average_loss', 0.015449838061703393), ('n_updates', 10492)]"
237,1.0,"[('average_q', 1.9164216282096698), ('average_loss', 0.016994778392097322), ('n_updates', 10556)]"
238,0.0,"[('average_q', 1.9254900718645078), ('average_loss', 0.01852588604772583), ('n_updates', 10579)]"
239,0.0,"[('average_q', 1.9334076446908481), ('average_loss', 0.01799357626169379), ('n_updates', 10602)]"
240,0.0,"[('average_q', 1.9415253712135372), ('average_loss', 0.019591106721247694), ('n_updates', 10625)]"
241,0.0,"[('average_q', 1.9497996424285686), ('average_loss', 0.02118993862769071), ('n_updates', 10648)]"
242,0.0,"[('average_q', 1.9569169597087186), ('average_loss', 0.01952350557199807), ('n_updates', 10671)]"
243,0.0,"[('average_q', 1.9639147001235393), ('average_loss', 0.018963450971331813), ('n_updates', 10694)]"
244,1.0,"[('average_q', 1.9168318652739982), ('average_loss', 0.01795965466246108), ('n_updates', 10758)]"
245,0.0,"[('average_q', 1.9244533157188615), ('average_loss', 0.02104591164570551), ('n_updates', 10781)]"
246,0.0,"[('average_q', 1.9319519630287239), ('average_loss', 0.021936809571989818), ('n_updates', 10804)]"
247,0.0,"[('average_q', 1.9385860446306702), ('average_loss', 0.02154922417494272), ('n_updates', 10827)]"
248,0.0,"[('average_q', 1.9447973264859757), ('average_loss', 0.020295401250303418), ('n_updates', 10850)]"
249,1.0,"[('average_q', 1.8999944607269708), ('average_loss', 0.02057030542770174), ('n_updates', 10914)]"
250,0.0,"[('average_q', 1.9066249901880363), ('average_loss', 0.019292489271366512), ('n_updates', 10937)]"
251,0.0,"[('average_q', 1.9127638401636025), ('average_loss', 0.020136699727037206), ('n_updates', 10960)]"
252,1.0,"[('average_q', 1.8651532170306446), ('average_loss', 0.0184767899918748), ('n_updates', 11024)]"
253,1.0,"[('average_q', 1.8174597010515496), ('average_loss', 0.018369770133183763), ('n_updates', 11088)]"
254,0.0,"[('average_q', 1.8246421649638003), ('average_loss', 0.019562999103205518), ('n_updates', 11111)]"
255,0.0,"[('average_q', 1.8309116952148896), ('average_loss', 0.019670827782586362), ('n_updates', 11134)]"
256,1.0,"[('average_q', 1.7860653478505706), ('average_loss', 0.016323845285245112), ('n_updates', 11198)]"
257,0.0,"[('average_q', 1.7918687741390162), ('average_loss', 0.015601198600645528), ('n_updates', 11221)]"
258,0.0,"[('average_q', 1.7973711420248892), ('average_loss', 0.0153139770550293), ('n_updates', 11244)]"
259,0.0,"[('average_q', 1.80267160942458), ('average_loss', 0.015502224080569537), ('n_updates', 11267)]"
260,0.0,"[('average_q', 1.807979483732008), ('average_loss', 0.017086753425321764), ('n_updates', 11290)]"
261,0.0,"[('average_q', 1.812396588184356), ('average_loss', 0.01631124811913752), ('n_updates', 11313)]"
262,0.0,"[('average_q', 1.8163681534309133), ('average_loss', 0.01677126026064747), ('n_updates', 11336)]"
263,1.0,"[('average_q', 1.7675018597137044), ('average_loss', 0.015926554593492532), ('n_updates', 11400)]"
264,0.0,"[('average_q', 1.7716119852024932), ('average_loss', 0.014978029090557444), ('n_updates', 11423)]"
265,0.0,"[('average_q', 1.7760070259659966), ('average_loss', 0.014507836526419345), ('n_updates', 11446)]"
266,1.0,"[('average_q', 1.7305573990931857), ('average_loss', 0.013850443082736981), ('n_updates', 11510)]"
267,0.0,"[('average_q', 1.734538069884883), ('average_loss', 0.016700409974600785), ('n_updates', 11533)]"
268,1.0,"[('average_q', 1.688897963082383), ('average_loss', 0.015393223123553228), ('n_updates', 11597)]"
269,1.0,"[('average_q', 1.644043995012607), ('average_loss', 0.013806560253434848), ('n_updates', 11661)]"
270,0.0,"[('average_q', 1.649068231854556), ('average_loss', 0.013291577154432261), ('n_updates', 11684)]"
271,1.0,"[('average_q', 1.6074210968969571), ('average_loss', 0.01198816603417515), ('n_updates', 11748)]"
272,1.0,"[('average_q', 1.5670947384925145), ('average_loss', 0.012479948559072277), ('n_updates', 11812)]"
273,0.0,"[('average_q', 1.5711313184372098), ('average_loss', 0.011871732258845358), ('n_updates', 11835)]"
274,1.0,"[('average_q', 1.5280524892405616), ('average_loss', 0.013011585195698203), ('n_updates', 11899)]"
275,0.0,"[('average_q', 1.5307142623175547), ('average_loss', 0.01294421868061597), ('n_updates', 11922)]"
276,0.0,"[('average_q', 1.5329981777362764), ('average_loss', 0.012289645838021447), ('n_updates', 11945)]"
277,1.0,"[('average_q', 1.4929234336120158), ('average_loss', 0.010776326169014347), ('n_updates', 12009)]"
278,0.0,"[('average_q', 1.4947076918480273), ('average_loss', 0.010145624365799938), ('n_updates', 12032)]"
279,0.0,"[('average_q', 1.4964840683400746), ('average_loss', 0.009929324398508806), ('n_updates', 12055)]"
280,1.0,"[('average_q', 1.4552960309219405), ('average_loss', 0.009248140677575385), ('n_updates', 12119)]"
281,0.0,"[('average_q', 1.4572105639326445), ('average_loss', 0.00872756212464613), ('n_updates', 12142)]"
282,0.0,"[('average_q', 1.4588183597400266), ('average_loss', 0.008723629100765367), ('n_updates', 12165)]"
283,2.0,"[('average_q', 1.3750487589468594), ('average_loss', 0.008361783713596672), ('n_updates', 12268)]"
284,1.0,"[('average_q', 1.3408380487391975), ('average_loss', 0.008703008057595761), ('n_updates', 12332)]"
285,2.0,"[('average_q', 1.2734568750177933), ('average_loss', 0.008778878152025143), ('n_updates', 12435)]"
286,1.0,"[('average_q', 1.2448523583360327), ('average_loss', 0.00849205424319707), ('n_updates', 12499)]"
287,1.0,"[('average_q', 1.222992792029716), ('average_loss', 0.009180110876145892), ('n_updates', 12549)]"
288,1.0,"[('average_q', 1.1925220921784785), ('average_loss', 0.00814023602263769), ('n_updates', 12613)]"
289,1.0,"[('average_q', 1.1641474599380968), ('average_loss', 0.008033875194141987), ('n_updates', 12677)]"
290,1.0,"[('average_q', 1.1396972088618096), ('average_loss', 0.008015761863970721), ('n_updates', 12741)]"
291,1.0,"[('average_q', 1.1169842860825354), ('average_loss', 0.008246338415611785), ('n_updates', 12805)]"
292,1.0,"[('average_q', 1.095649134250455), ('average_loss', 0.007452483171185108), ('n_updates', 12869)]"
293,1.0,"[('average_q', 1.0749750249116865), ('average_loss', 0.00804681190945801), ('n_updates', 12930)]"
294,0.0,"[('average_q', 1.0748056378779722), ('average_loss', 0.007540798823961854), ('n_updates', 12953)]"
295,1.0,"[('average_q', 1.0555009964421023), ('average_loss', 0.00873815440461015), ('n_updates', 13017)]"
296,4.0,"[('average_q', 0.9904226191929202), ('average_loss', 0.008387385987272058), ('n_updates', 13172)]"
297,1.0,"[('average_q', 0.9766229821668143), ('average_loss', 0.007622416010347783), ('n_updates', 13236)]"
298,1.0,"[('average_q', 0.9620268895486667), ('average_loss', 0.0077595154950072095), ('n_updates', 13300)]"
299,1.0,"[('average_q', 0.9492526272280938), ('average_loss', 0.007497695358697763), ('n_updates', 13364)]"
300,1.0,"[('average_q', 0.9369423084892858), ('average_loss', 0.007522827593036581), ('n_updates', 13428)]"
301,1.0,"[('average_q', 0.9218742605660883), ('average_loss', 0.007540080067079007), ('n_updates', 13490)]"
302,1.0,"[('average_q', 0.9127923677577822), ('average_loss', 0.007034639837205303), ('n_updates', 13554)]"
303,1.0,"[('average_q', 0.9019567351994738), ('average_loss', 0.007701988135188373), ('n_updates', 13618)]"
304,0.0,"[('average_q', 0.9018594952463799), ('average_loss', 0.008386516960790935), ('n_updates', 13641)]"
305,0.0,"[('average_q', 0.9026946522938648), ('average_loss', 0.008914058847130993), ('n_updates', 13664)]"
306,3.0,"[('average_q', 0.8813006181243783), ('average_loss', 0.008334138854007479), ('n_updates', 13798)]"
307,1.0,"[('average_q', 0.8748701869881584), ('average_loss', 0.008571683463745474), ('n_updates', 13862)]"
308,0.0,"[('average_q', 0.8764987463449523), ('average_loss', 0.008899981641183064), ('n_updates', 13885)]"
309,1.0,"[('average_q', 0.8691693485388172), ('average_loss', 0.009497413908289743), ('n_updates', 13949)]"
310,1.0,"[('average_q', 0.8633412070512841), ('average_loss', 0.009747700180428847), ('n_updates', 14013)]"
311,1.0,"[('average_q', 0.8599413717282596), ('average_loss', 0.009663322367447939), ('n_updates', 14077)]"
312,1.0,"[('average_q', 0.8538028887936155), ('average_loss', 0.009605312677612382), ('n_updates', 14141)]"
313,3.0,"[('average_q', 0.8297593588232508), ('average_loss', 0.009393243457122905), ('n_updates', 14263)]"
314,2.0,"[('average_q', 0.8156293721012405), ('average_loss', 0.009359256793901798), ('n_updates', 14366)]"
315,1.0,"[('average_q', 0.8095592773212859), ('average_loss', 0.009848464020898519), ('n_updates', 14430)]"
316,1.0,"[('average_q', 0.807339130191683), ('average_loss', 0.009699896096957168), ('n_updates', 14494)]"
317,0.0,"[('average_q', 0.8106902125758174), ('average_loss', 0.00914247533344678), ('n_updates', 14517)]"
318,1.0,"[('average_q', 0.8062990558307572), ('average_loss', 0.009145726631856272), ('n_updates', 14581)]"
319,4.0,"[('average_q', 0.7922832865267452), ('average_loss', 0.008882796059019808), ('n_updates', 14737)]"
320,2.0,"[('average_q', 0.7820979171559962), ('average_loss', 0.009344174023294773), ('n_updates', 14821)]"
321,2.0,"[('average_q', 0.7763028865434956), ('average_loss', 0.011383313694230322), ('n_updates', 14924)]"
322,0.0,"[('average_q', 0.7822592245281494), ('average_loss', 0.011029824073352026), ('n_updates', 14947)]"
323,1.0,"[('average_q', 0.7810157307281155), ('average_loss', 0.010625935101537164), ('n_updates', 15011)]"
324,1.0,"[('average_q', 0.7810746868046888), ('average_loss', 0.010385226424774574), ('n_updates', 15061)]"
325,2.0,"[('average_q', 0.7787721938824245), ('average_loss', 0.010931020019766386), ('n_updates', 15164)]"
326,1.0,"[('average_q', 0.7766000380076992), ('average_loss', 0.01195775388562813), ('n_updates', 15228)]"
327,1.0,"[('average_q', 0.7801701303909474), ('average_loss', 0.012684323745671652), ('n_updates', 15292)]"
328,1.0,"[('average_q', 0.7799427202485439), ('average_loss', 0.011631217232481792), ('n_updates', 15356)]"
329,1.0,"[('average_q', 0.7790145278316033), ('average_loss', 0.011626080734103858), ('n_updates', 15420)]"
330,1.0,"[('average_q', 0.7797323198450712), ('average_loss', 0.012061836812695133), ('n_updates', 15484)]"
331,1.0,"[('average_q', 0.7774327562572592), ('average_loss', 0.011300916169404785), ('n_updates', 15544)]"
332,1.0,"[('average_q', 0.7801902691035436), ('average_loss', 0.01176513884521713), ('n_updates', 15608)]"
333,2.0,"[('average_q', 0.7740391072446322), ('average_loss', 0.01264675922530391), ('n_updates', 15693)]"
334,1.0,"[('average_q', 0.7752084214106905), ('average_loss', 0.01287214712296784), ('n_updates', 15741)]"
335,4.0,"[('average_q', 0.7794192341222467), ('average_loss', 0.009906180033183831), ('n_updates', 15916)]"
336,1.0,"[('average_q', 0.7783447634092966), ('average_loss', 0.01039419443937377), ('n_updates', 15980)]"
337,1.0,"[('average_q', 0.7829396871620139), ('average_loss', 0.010890032172614144), ('n_updates', 16044)]"
338,1.0,"[('average_q', 0.7827012165354138), ('average_loss', 0.011039585569955532), ('n_updates', 16108)]"
339,2.0,"[('average_q', 0.7839934880886312), ('average_loss', 0.009554581140065863), ('n_updates', 16211)]"
340,1.0,"[('average_q', 0.7842989191544745), ('average_loss', 0.010467483566536205), ('n_updates', 16275)]"
341,2.0,"[('average_q', 0.7853654930176671), ('average_loss', 0.010870690292148601), ('n_updates', 16378)]"
342,1.0,"[('average_q', 0.7874001120409946), ('average_loss', 0.01181393639518932), ('n_updates', 16442)]"
343,2.0,"[('average_q', 0.7894686419296978), ('average_loss', 0.011345538828080124), ('n_updates', 16545)]"
344,2.0,"[('average_q', 0.7888088712259963), ('average_loss', 0.011271490056961965), ('n_updates', 16648)]"
345,2.0,"[('average_q', 0.7913285123323839), ('average_loss', 0.010574824584022308), ('n_updates', 16751)]"
346,2.0,"[('average_q', 0.7972235392816608), ('average_loss', 0.010522277531773212), ('n_updates', 16854)]"
347,2.0,"[('average_q', 0.8002632491441475), ('average_loss', 0.010840104136328738), ('n_updates', 16957)]"
348,1.0,"[('average_q', 0.8116869882408906), ('average_loss', 0.011010225326896196), ('n_updates', 17021)]"
349,3.0,"[('average_q', 0.8167629583352578), ('average_loss', 0.010621462755024605), ('n_updates', 17161)]"
350,4.0,"[('average_q', 0.8293595444402386), ('average_loss', 0.010523506127505038), ('n_updates', 17336)]"
351,2.0,"[('average_q', 0.8406292071850069), ('average_loss', 0.011559557786559706), ('n_updates', 17439)]"
352,2.0,"[('average_q', 0.8475841006392669), ('average_loss', 0.009843344638496556), ('n_updates', 17542)]"
353,2.0,"[('average_q', 0.8530661416584807), ('average_loss', 0.011420544366439958), ('n_updates', 17645)]"
354,2.0,"[('average_q', 0.854026067447254), ('average_loss', 0.010735084870531871), ('n_updates', 17748)]"
355,2.0,"[('average_q', 0.8601455536396996), ('average_loss', 0.010600272073285134), ('n_updates', 17851)]"
356,2.0,"[('average_q', 0.8610228945673504), ('average_loss', 0.011344133264114419), ('n_updates', 17954)]"
357,4.0,"[('average_q', 0.8867868541570803), ('average_loss', 0.01062430424350082), ('n_updates', 18129)]"
358,1.0,"[('average_q', 0.892485664053339), ('average_loss', 0.011473416647493427), ('n_updates', 18189)]"
359,2.0,"[('average_q', 0.8952952648299815), ('average_loss', 0.011537724256568238), ('n_updates', 18292)]"
360,1.0,"[('average_q', 0.9046106645784368), ('average_loss', 0.011943142336838408), ('n_updates', 18346)]"
361,1.0,"[('average_q', 0.9117527081392524), ('average_loss', 0.011259234340995107), ('n_updates', 18410)]"
362,2.0,"[('average_q', 0.9192596661694264), ('average_loss', 0.012339123788427235), ('n_updates', 18513)]"
363,2.0,"[('average_q', 0.9229331539333626), ('average_loss', 0.011467019015525635), ('n_updates', 18616)]"
364,2.0,"[('average_q', 0.928799672847878), ('average_loss', 0.012229499859880113), ('n_updates', 18719)]"
365,2.0,"[('average_q', 0.9341682835479256), ('average_loss', 0.01070931006684407), ('n_updates', 18822)]"
366,4.0,"[('average_q', 0.9659489200150818), ('average_loss', 0.010618365349792323), ('n_updates', 18997)]"
367,4.0,"[('average_q', 1.0009419818609007), ('average_loss', 0.01060866873686953), ('n_updates', 19172)]"
368,2.0,"[('average_q', 1.006303249234886), ('average_loss', 0.012174153246513579), ('n_updates', 19275)]"
369,2.0,"[('average_q', 1.009718563147838), ('average_loss', 0.011752514297974461), ('n_updates', 19378)]"
370,2.0,"[('average_q', 1.009212377280711), ('average_loss', 0.011195571555609563), ('n_updates', 19481)]"
371,1.0,"[('average_q', 1.0102178119825043), ('average_loss', 0.010894900895217222), ('n_updates', 19545)]"
372,1.0,"[('average_q', 1.01385961514576), ('average_loss', 0.01127177886310627), ('n_updates', 19609)]"
373,2.0,"[('average_q', 1.016283771984893), ('average_loss', 0.010054039192490411), ('n_updates', 19712)]"
374,4.0,"[('average_q', 1.0414378481588804), ('average_loss', 0.0104869281115692), ('n_updates', 19887)]"
375,4.0,"[('average_q', 1.0599913605573197), ('average_loss', 0.012520632295017122), ('n_updates', 20062)]"
376,3.0,"[('average_q', 1.0706238782360802), ('average_loss', 0.011229988131723923), ('n_updates', 20202)]"
377,4.0,"[('average_q', 1.0965533210270697), ('average_loss', 0.010235444862341143), ('n_updates', 20377)]"
378,3.0,"[('average_q', 1.1082060280303783), ('average_loss', 0.012678650947151681), ('n_updates', 20517)]"
379,4.0,"[('average_q', 1.1351711065103627), ('average_loss', 0.010318517448435555), ('n_updates', 20692)]"
380,4.0,"[('average_q', 1.1604777060046405), ('average_loss', 0.01110904988032042), ('n_updates', 20867)]"
381,3.0,"[('average_q', 1.176344775798071), ('average_loss', 0.011490337478874332), ('n_updates', 21007)]"
382,2.0,"[('average_q', 1.1804987646053664), ('average_loss', 0.013456927110433977), ('n_updates', 21110)]"
383,1.0,"[('average_q', 1.1852117193778557), ('average_loss', 0.014065566605398988), ('n_updates', 21174)]"
384,3.0,"[('average_q', 1.202676940817301), ('average_loss', 0.012333454331245762), ('n_updates', 21314)]"
385,3.0,"[('average_q', 1.2214162893578915), ('average_loss', 0.011463887590654255), ('n_updates', 21454)]"
386,1.0,"[('average_q', 1.2237390474357364), ('average_loss', 0.012382007413649395), ('n_updates', 21518)]"
387,1.0,"[('average_q', 1.2238142811267572), ('average_loss', 0.011778617519207592), ('n_updates', 21572)]"
388,1.0,"[('average_q', 1.2255612318872426), ('average_loss', 0.011811596934271123), ('n_updates', 21636)]"
389,3.0,"[('average_q', 1.2429722656732685), ('average_loss', 0.012864758419436946), ('n_updates', 21776)]"
390,3.0,"[('average_q', 1.2592131873871308), ('average_loss', 0.012509705903920927), ('n_updates', 21916)]"
391,4.0,"[('average_q', 1.274699270212679), ('average_loss', 0.012579783847809438), ('n_updates', 22091)]"
392,1.0,"[('average_q', 1.2747705694706337), ('average_loss', 0.012396101820950762), ('n_updates', 22155)]"
393,3.0,"[('average_q', 1.2767459499213019), ('average_loss', 0.013640352244191419), ('n_updates', 22295)]"
394,2.0,"[('average_q', 1.275826111840127), ('average_loss', 0.015323298634179087), ('n_updates', 22398)]"
395,2.0,"[('average_q', 1.275416045329153), ('average_loss', 0.015298381099387496), ('n_updates', 22501)]"
396,1.0,"[('average_q', 1.2732002478039617), ('average_loss', 0.015387884816174036), ('n_updates', 22565)]"
397,4.0,"[('average_q', 1.2869075267708876), ('average_loss', 0.013853621750293843), ('n_updates', 22740)]"
398,2.0,"[('average_q', 1.287424189604053), ('average_loss', 0.013871370063617508), ('n_updates', 22843)]"
399,2.0,"[('average_q', 1.2887549493569883), ('average_loss', 0.015650527638448052), ('n_updates', 22946)]"
400,2.0,"[('average_q', 1.2913119362826042), ('average_loss', 0.01490671443734157), ('n_updates', 23049)]"
401,4.0,"[('average_q', 1.3011318486053938), ('average_loss', 0.012466115573144849), ('n_updates', 23224)]"
402,2.0,"[('average_q', 1.3025148199741952), ('average_loss', 0.01480289647359543), ('n_updates', 23327)]"
403,3.0,"[('average_q', 1.3078686033543474), ('average_loss', 0.013211210290516489), ('n_updates', 23467)]"
404,2.0,"[('average_q', 1.3135656166489011), ('average_loss', 0.01430918164168186), ('n_updates', 23570)]"
405,4.0,"[('average_q', 1.3163977719663962), ('average_loss', 0.012570726591932244), ('n_updates', 23745)]"
406,1.0,"[('average_q', 1.3210838540129248), ('average_loss', 0.011641825018090305), ('n_updates', 23809)]"
407,2.0,"[('average_q', 1.321534033817582), ('average_loss', 0.012010172603910893), ('n_updates', 23912)]"
408,2.0,"[('average_q', 1.3238666268709804), ('average_loss', 0.011380404560919499), ('n_updates', 24015)]"
409,2.0,"[('average_q', 1.324497716794375), ('average_loss', 0.011593511423844308), ('n_updates', 24118)]"
410,1.0,"[('average_q', 1.3199702443877426), ('average_loss', 0.011507423634645167), ('n_updates', 24182)]"
411,1.0,"[('average_q', 1.313004310335826), ('average_loss', 0.012121015892292123), ('n_updates', 24246)]"
412,2.0,"[('average_q', 1.3138740942227791), ('average_loss', 0.012609105948451162), ('n_updates', 24349)]"
413,3.0,"[('average_q', 1.3199151722157152), ('average_loss', 0.01383869114431781), ('n_updates', 24489)]"
414,1.0,"[('average_q', 1.3202907408668378), ('average_loss', 0.012792157197194301), ('n_updates', 24553)]"
415,2.0,"[('average_q', 1.3242844017604167), ('average_loss', 0.012584730184722365), ('n_updates', 24656)]"
416,4.0,"[('average_q', 1.3266331917816043), ('average_loss', 0.013758088499651617), ('n_updates', 24831)]"
417,3.0,"[('average_q', 1.330300254542597), ('average_loss', 0.013785058387506755), ('n_updates', 24971)]"
418,3.0,"[('average_q', 1.3384617918795945), ('average_loss', 0.013613654817063912), ('n_updates', 25111)]"
419,3.0,"[('average_q', 1.351077030722234), ('average_loss', 0.01479697014332186), ('n_updates', 25251)]"
420,3.0,"[('average_q', 1.3616964418375794), ('average_loss', 0.013840119943436438), ('n_updates', 25391)]"
421,1.0,"[('average_q', 1.370117060430909), ('average_loss', 0.013494192896973926), ('n_updates', 25455)]"
422,2.0,"[('average_q', 1.379232365897395), ('average_loss', 0.01476734519926995), ('n_updates', 25558)]"
423,2.0,"[('average_q', 1.3902812283147161), ('average_loss', 0.014230677520001171), ('n_updates', 25661)]"
424,2.0,"[('average_q', 1.3957905071022172), ('average_loss', 0.01336877635843181), ('n_updates', 25764)]"
425,2.0,"[('average_q', 1.407869685019769), ('average_loss', 0.015882125022790003), ('n_updates', 25867)]"
426,1.0,"[('average_q', 1.4131906471953173), ('average_loss', 0.013242346632998657), ('n_updates', 25931)]"
427,2.0,"[('average_q', 1.4192012802963703), ('average_loss', 0.013060901026493122), ('n_updates', 26034)]"
428,3.0,"[('average_q', 1.416678620222339), ('average_loss', 0.012940601480814136), ('n_updates', 26174)]"
429,4.0,"[('average_q', 1.397589610360586), ('average_loss', 0.0127338846803072), ('n_updates', 26349)]"
430,2.0,"[('average_q', 1.4046811978445786), ('average_loss', 0.012938258537366973), ('n_updates', 26452)]"
431,4.0,"[('average_q', 1.3849996381473746), ('average_loss', 0.01188334987455017), ('n_updates', 26629)]"
432,1.0,"[('average_q', 1.390808487875972), ('average_loss', 0.011761877182450673), ('n_updates', 26693)]"
433,2.0,"[('average_q', 1.3948113040511643), ('average_loss', 0.011855522894846787), ('n_updates', 26796)]"
434,1.0,"[('average_q', 1.39037259915966), ('average_loss', 0.013068338574320772), ('n_updates', 26844)]"
435,3.0,"[('average_q', 1.3892882107598805), ('average_loss', 0.01282932092120685), ('n_updates', 26984)]"
436,2.0,"[('average_q', 1.395375650149633), ('average_loss', 0.012839640995806053), ('n_updates', 27087)]"
437,1.0,"[('average_q', 1.3993364341521854), ('average_loss', 0.011396089546204335), ('n_updates', 27151)]"
438,4.0,"[('average_q', 1.3720788590702855), ('average_loss', 0.012331553619596205), ('n_updates', 27326)]"
439,2.0,"[('average_q', 1.3764264543972484), ('average_loss', 0.013222771936887775), ('n_updates', 27429)]"
440,3.0,"[('average_q', 1.3649984915015265), ('average_loss', 0.011644936823532443), ('n_updates', 27569)]"
441,3.0,"[('average_q', 1.3549084944970005), ('average_loss', 0.010664690643614654), ('n_updates', 27709)]"
442,4.0,"[('average_q', 1.3249859478702446), ('average_loss', 0.012982766645998308), ('n_updates', 27884)]"
443,2.0,"[('average_q', 1.3295538987625781), ('average_loss', 0.011556220376699318), ('n_updates', 27987)]"
444,2.0,"[('average_q', 1.3317454182154087), ('average_loss', 0.012986635394484481), ('n_updates', 28090)]"
445,3.0,"[('average_q', 1.324812336890376), ('average_loss', 0.013324741910993691), ('n_updates', 28230)]"
446,1.0,"[('average_q', 1.3304464519106372), ('average_loss', 0.013210956178382789), ('n_updates', 28294)]"
447,4.0,"[('average_q', 1.309151675422605), ('average_loss', 0.012828950594083507), ('n_updates', 28469)]"
448,1.0,"[('average_q', 1.3169917525924413), ('average_loss', 0.012498190064884356), ('n_updates', 28533)]"
449,2.0,"[('average_q', 1.3246199726652634), ('average_loss', 0.013081659333872512), ('n_updates', 28636)]"
450,1.0,"[('average_q', 1.330021933635428), ('average_loss', 0.012753072586462421), ('n_updates', 28700)]"
451,4.0,"[('average_q', 1.3070253532499834), ('average_loss', 0.014804536429265424), ('n_updates', 28875)]"
452,2.0,"[('average_q', 1.3234445040379548), ('average_loss', 0.013477024757071285), ('n_updates', 28978)]"
453,2.0,"[('average_q', 1.3358626586062656), ('average_loss', 0.014108561940481842), ('n_updates', 29081)]"
454,2.0,"[('average_q', 1.345364973876693), ('average_loss', 0.014351117563741246), ('n_updates', 29184)]"
455,3.0,"[('average_q', 1.3411325322251177), ('average_loss', 0.014935867463520849), ('n_updates', 29324)]"
456,1.0,"[('average_q', 1.3474771510914252), ('average_loss', 0.014801246238690112), ('n_updates', 29388)]"
457,2.0,"[('average_q', 1.3584715105207352), ('average_loss', 0.014929870225210388), ('n_updates', 29491)]"
458,3.0,"[('average_q', 1.3558457879995278), ('average_loss', 0.014933236618182686), ('n_updates', 29631)]"
459,2.0,"[('average_q', 1.367881997881075), ('average_loss', 0.013683540640649831), ('n_updates', 29734)]"
460,2.0,"[('average_q', 1.3804111216454105), ('average_loss', 0.015218364858707593), ('n_updates', 29837)]"
461,4.0,"[('average_q', 1.352438157318492), ('average_loss', 0.014161253746237147), ('n_updates', 30012)]"
462,1.0,"[('average_q', 1.3429602876913695), ('average_loss', 0.014802788922081169), ('n_updates', 30076)]"
463,3.0,"[('average_q', 1.3396085466248442), ('average_loss', 0.01417631222403934), ('n_updates', 30216)]"
464,2.0,"[('average_q', 1.352110704964111), ('average_loss', 0.014907632726655363), ('n_updates', 30319)]"
465,2.0,"[('average_q', 1.3650433013837155), ('average_loss', 0.012381941196084647), ('n_updates', 30422)]"
466,2.0,"[('average_q', 1.3815120738827706), ('average_loss', 0.012111355136783316), ('n_updates', 30525)]"
467,2.0,"[('average_q', 1.393604705965265), ('average_loss', 0.012516739223542062), ('n_updates', 30628)]"
468,1.0,"[('average_q', 1.4019260106992688), ('average_loss', 0.014157340495005132), ('n_updates', 30692)]"
469,2.0,"[('average_q', 1.4119310212231613), ('average_loss', 0.013035801721516443), ('n_updates', 30795)]"
470,2.0,"[('average_q', 1.4245251329325477), ('average_loss', 0.012256704669407691), ('n_updates', 30898)]"
471,2.0,"[('average_q', 1.4349396354773565), ('average_loss', 0.013392014555101927), ('n_updates', 31001)]"
472,2.0,"[('average_q', 1.4507905906945995), ('average_loss', 0.013662591574808943), ('n_updates', 31104)]"
473,2.0,"[('average_q', 1.464279232868), ('average_loss', 0.012450364048307827), ('n_updates', 31207)]"
474,1.0,"[('average_q', 1.4723440754760326), ('average_loss', 0.013838224578072428), ('n_updates', 31271)]"
475,2.0,"[('average_q', 1.4869191656071692), ('average_loss', 0.015122644511640115), ('n_updates', 31374)]"
476,2.0,"[('average_q', 1.49789137829844), ('average_loss', 0.013099791215924335), ('n_updates', 31477)]"
477,2.0,"[('average_q', 1.5125325795972167), ('average_loss', 0.011782376063949336), ('n_updates', 31580)]"
478,4.0,"[('average_q', 1.4874402763487804), ('average_loss', 0.014601632667067987), ('n_updates', 31755)]"
479,1.0,"[('average_q', 1.5034131749049384), ('average_loss', 0.013608852687398705), ('n_updates', 31819)]"
480,2.0,"[('average_q', 1.5241440267777835), ('average_loss', 0.012903010119180542), ('n_updates', 31922)]"
481,2.0,"[('average_q', 1.546898094252312), ('average_loss', 0.01402641599331464), ('n_updates', 32025)]"
482,2.0,"[('average_q', 1.5670770205365712), ('average_loss', 0.014627984754581328), ('n_updates', 32128)]"
483,4.0,"[('average_q', 1.537890230423807), ('average_loss', 0.014353414483825122), ('n_updates', 32303)]"
484,2.0,"[('average_q', 1.5615408040863745), ('average_loss', 0.0160937928419603), ('n_updates', 32406)]"
485,4.0,"[('average_q', 1.5316709746748292), ('average_loss', 0.017519191304519958), ('n_updates', 32581)]"
486,4.0,"[('average_q', 1.506363648906133), ('average_loss', 0.016939675117186092), ('n_updates', 32756)]"
487,2.0,"[('average_q', 1.5361161265768817), ('average_loss', 0.016681200561147223), ('n_updates', 32859)]"
488,4.0,"[('average_q', 1.5156483591845902), ('average_loss', 0.016868671239312592), ('n_updates', 33034)]"
489,2.0,"[('average_q', 1.5431822663677377), ('average_loss', 0.015263057388746839), ('n_updates', 33137)]"
490,3.0,"[('average_q', 1.547828051465822), ('average_loss', 0.014492790608945125), ('n_updates', 33277)]"
491,2.0,"[('average_q', 1.569125286892363), ('average_loss', 0.015758443688573473), ('n_updates', 33380)]"
492,4.0,"[('average_q', 1.5478538879170773), ('average_loss', 0.01461424049086415), ('n_updates', 33555)]"
493,2.0,"[('average_q', 1.573499326943509), ('average_loss', 0.012888302682714873), ('n_updates', 33658)]"
494,1.0,"[('average_q', 1.5964090711776293), ('average_loss', 0.014401968217444716), ('n_updates', 33722)]"
495,2.0,"[('average_q', 1.6166921431560144), ('average_loss', 0.015092899840714605), ('n_updates', 33825)]"
496,2.0,"[('average_q', 1.6347648671975172), ('average_loss', 0.015622958476760773), ('n_updates', 33928)]"
497,2.0,"[('average_q', 1.6467112273092812), ('average_loss', 0.013823701347963293), ('n_updates', 34031)]"
498,2.0,"[('average_q', 1.6627126063278563), ('average_loss', 0.013999522823139595), ('n_updates', 34134)]"
499,2.0,"[('average_q', 1.6756381587530251), ('average_loss', 0.014464545731145514), ('n_updates', 34237)]"
500,2.0,"[('average_q', 1.6890468005372847), ('average_loss', 0.015051245508782651), ('n_updates', 34340)]"
