1,2.0,"[('average_q', 0.1788665206030125), ('average_loss', 0), ('n_updates', 0)]"
2,1.0,"[('average_q', 0.28426804913345843), ('average_loss', 0), ('n_updates', 0)]"
3,2.0,"[('average_q', 0.4329116177999988), ('average_loss', 0), ('n_updates', 0)]"
4,2.0,"[('average_q', 0.5672993290641133), ('average_loss', 0), ('n_updates', 0)]"
5,2.0,"[('average_q', 0.6894124022834476), ('average_loss', 0), ('n_updates', 0)]"
6,2.0,"[('average_q', 0.792888729576761), ('average_loss', 0.011482376153247067), ('n_updates', 79)]"
7,1.0,"[('average_q', 0.8592352228590511), ('average_loss', 0.015157099342936867), ('n_updates', 143)]"
8,1.0,"[('average_q', 0.9219225029285244), ('average_loss', 0.015420049666038455), ('n_updates', 207)]"
9,1.0,"[('average_q', 0.9800697277156849), ('average_loss', 0.016317603058474024), ('n_updates', 271)]"
10,1.0,"[('average_q', 1.0286125672146051), ('average_loss', 0.01538168161006996), ('n_updates', 335)]"
11,1.0,"[('average_q', 1.0818641485946396), ('average_loss', 0.014387922247581236), ('n_updates', 399)]"
12,1.0,"[('average_q', 1.1286364780844829), ('average_loss', 0.014300041741585974), ('n_updates', 463)]"
13,1.0,"[('average_q', 1.172622424739119), ('average_loss', 0.013370966911976676), ('n_updates', 527)]"
14,1.0,"[('average_q', 1.2085685287476475), ('average_loss', 0.011968630770352113), ('n_updates', 591)]"
15,1.0,"[('average_q', 1.2388116493230965), ('average_loss', 0.011537542422966066), ('n_updates', 655)]"
16,1.0,"[('average_q', 1.2721416673620123), ('average_loss', 0.011526455923833615), ('n_updates', 719)]"
17,1.0,"[('average_q', 1.2980573364077066), ('average_loss', 0.011326146690806454), ('n_updates', 783)]"
18,1.0,"[('average_q', 1.3219018605155899), ('average_loss', 0.010854591881409952), ('n_updates', 847)]"
19,1.0,"[('average_q', 1.3469116933786611), ('average_loss', 0.01092580960616366), ('n_updates', 911)]"
20,1.0,"[('average_q', 1.3679876591237807), ('average_loss', 0.010065263756731445), ('n_updates', 975)]"
21,1.0,"[('average_q', 1.3865769850214769), ('average_loss', 0.009927843587449647), ('n_updates', 1039)]"
22,1.0,"[('average_q', 1.405434352561129), ('average_loss', 0.009927812816341457), ('n_updates', 1103)]"
23,1.0,"[('average_q', 1.4210666706521349), ('average_loss', 0.009720907540132669), ('n_updates', 1167)]"
24,0.0,"[('average_q', 1.44677728863702), ('average_loss', 0.009774605283735853), ('n_updates', 1190)]"
25,1.0,"[('average_q', 1.4665697963868054), ('average_loss', 0.011837999553000899), ('n_updates', 1256)]"
26,1.0,"[('average_q', 1.4833934905202104), ('average_loss', 0.012758605908625407), ('n_updates', 1320)]"
27,2.0,"[('average_q', 1.4823979121051136), ('average_loss', 0.01205908348209935), ('n_updates', 1423)]"
28,1.0,"[('average_q', 1.5000366769132978), ('average_loss', 0.011506271322090849), ('n_updates', 1487)]"
29,1.0,"[('average_q', 1.5098161775897243), ('average_loss', 0.011175036166932729), ('n_updates', 1551)]"
30,1.0,"[('average_q', 1.5212101061202892), ('average_loss', 0.011332630427199149), ('n_updates', 1615)]"
31,0.0,"[('average_q', 1.5425664524050087), ('average_loss', 0.012579346189586456), ('n_updates', 1638)]"
32,2.0,"[('average_q', 1.5330850896489716), ('average_loss', 0.012140076525299328), ('n_updates', 1741)]"
33,2.0,"[('average_q', 1.5292453623045004), ('average_loss', 0.012037578135555527), ('n_updates', 1844)]"
34,2.0,"[('average_q', 1.5369453418284598), ('average_loss', 0.009588491075884305), ('n_updates', 1947)]"
35,1.0,"[('average_q', 1.538968893031813), ('average_loss', 0.009212818368359013), ('n_updates', 2003)]"
36,2.0,"[('average_q', 1.5551172507505004), ('average_loss', 0.010259006328263539), ('n_updates', 2106)]"
37,2.0,"[('average_q', 1.5581457435896675), ('average_loss', 0.011637147766156432), ('n_updates', 2209)]"
38,2.0,"[('average_q', 1.5647246738697447), ('average_loss', 0.011510573455295164), ('n_updates', 2312)]"
39,6.0,"[('average_q', 1.3036392919017934), ('average_loss', 0.010515727745714605), ('n_updates', 2551)]"
40,4.0,"[('average_q', 1.265013896326655), ('average_loss', 0.010511195839148429), ('n_updates', 2726)]"
41,2.0,"[('average_q', 1.3020926760091553), ('average_loss', 0.011066895678422874), ('n_updates', 2829)]"
42,2.0,"[('average_q', 1.3317983903259196), ('average_loss', 0.010351851779007055), ('n_updates', 2932)]"
43,2.0,"[('average_q', 1.3445364239009054), ('average_loss', 0.011338678799954286), ('n_updates', 3035)]"
44,2.0,"[('average_q', 1.373649189052061), ('average_loss', 0.010246993028881228), ('n_updates', 3138)]"
45,2.0,"[('average_q', 1.3972776594039638), ('average_loss', 0.010289424027520049), ('n_updates', 3241)]"
46,2.0,"[('average_q', 1.407846667402028), ('average_loss', 0.010160766435604087), ('n_updates', 3344)]"
47,2.0,"[('average_q', 1.4193567553112705), ('average_loss', 0.010453071596376701), ('n_updates', 3447)]"
48,2.0,"[('average_q', 1.4227964022971005), ('average_loss', 0.00946258294804535), ('n_updates', 3550)]"
49,2.0,"[('average_q', 1.4348295390235184), ('average_loss', 0.011040514808889465), ('n_updates', 3653)]"
50,4.0,"[('average_q', 1.3897246626344653), ('average_loss', 0.011671874152243529), ('n_updates', 3828)]"
51,2.0,"[('average_q', 1.410663126317395), ('average_loss', 0.011533094799692447), ('n_updates', 3931)]"
52,2.0,"[('average_q', 1.4269349272192422), ('average_loss', 0.0118104762402256), ('n_updates', 4034)]"
53,2.0,"[('average_q', 1.4406346475781735), ('average_loss', 0.012453106473196892), ('n_updates', 4137)]"
54,4.0,"[('average_q', 1.4003565958888484), ('average_loss', 0.013826066207853387), ('n_updates', 4312)]"
55,4.0,"[('average_q', 1.3889308307036294), ('average_loss', 0.012393063515833582), ('n_updates', 4487)]"
56,0.0,"[('average_q', 1.4133853579345483), ('average_loss', 0.013180819818988585), ('n_updates', 4510)]"
57,1.0,"[('average_q', 1.452743646254393), ('average_loss', 0.011990371490227242), ('n_updates', 4574)]"
58,2.0,"[('average_q', 1.4918786377973206), ('average_loss', 0.01336781856107114), ('n_updates', 4677)]"
59,0.0,"[('average_q', 1.5142463154162848), ('average_loss', 0.014387781871829515), ('n_updates', 4700)]"
60,0.0,"[('average_q', 1.5302877913626503), ('average_loss', 0.01331529266885656), ('n_updates', 4723)]"
61,2.0,"[('average_q', 1.5604154639515364), ('average_loss', 0.017542318242375884), ('n_updates', 4826)]"
62,3.0,"[('average_q', 1.5779306820175696), ('average_loss', 0.014057461764464338), ('n_updates', 4966)]"
63,2.0,"[('average_q', 1.6057163329237285), ('average_loss', 0.013853358295623617), ('n_updates', 5069)]"
64,4.0,"[('average_q', 1.582748460863013), ('average_loss', 0.014591469399568797), ('n_updates', 5244)]"
65,4.0,"[('average_q', 1.5050867142280981), ('average_loss', 0.015606854007582788), ('n_updates', 5419)]"
66,2.0,"[('average_q', 1.5493869279184447), ('average_loss', 0.01436875414189667), ('n_updates', 5522)]"
67,2.0,"[('average_q', 1.589877106380696), ('average_loss', 0.013548544264989736), ('n_updates', 5625)]"
68,2.0,"[('average_q', 1.6230542837894324), ('average_loss', 0.012185336586485424), ('n_updates', 5728)]"
69,3.0,"[('average_q', 1.6259445002343265), ('average_loss', 0.015781687630679893), ('n_updates', 5868)]"
70,2.0,"[('average_q', 1.66095616641855), ('average_loss', 0.015404523716594485), ('n_updates', 5971)]"
71,2.0,"[('average_q', 1.6950007935057794), ('average_loss', 0.01572830730715031), ('n_updates', 6074)]"
72,2.0,"[('average_q', 1.7219995110635744), ('average_loss', 0.017027533143893152), ('n_updates', 6177)]"
73,3.0,"[('average_q', 1.7164776402995925), ('average_loss', 0.016542252187853053), ('n_updates', 6317)]"
74,3.0,"[('average_q', 1.7215976645776838), ('average_loss', 0.015929742867754018), ('n_updates', 6457)]"
75,2.0,"[('average_q', 1.7565413426241479), ('average_loss', 0.015249317257929341), ('n_updates', 6560)]"
76,2.0,"[('average_q', 1.7864227759306401), ('average_loss', 0.016279870723501386), ('n_updates', 6663)]"
77,2.0,"[('average_q', 1.7968818492426881), ('average_loss', 0.018656069850971516), ('n_updates', 6766)]"
78,2.0,"[('average_q', 1.817201369585672), ('average_loss', 0.016994608254498514), ('n_updates', 6869)]"
79,3.0,"[('average_q', 1.8125899014007978), ('average_loss', 0.015947060422384914), ('n_updates', 6992)]"
80,3.0,"[('average_q', 1.7756342207458369), ('average_loss', 0.01856716572665852), ('n_updates', 7132)]"
81,3.0,"[('average_q', 1.7629827338493713), ('average_loss', 0.016058693212789514), ('n_updates', 7272)]"
82,2.0,"[('average_q', 1.7809830756459097), ('average_loss', 0.015332286963496098), ('n_updates', 7375)]"
83,3.0,"[('average_q', 1.7874891987366441), ('average_loss', 0.016344287422536255), ('n_updates', 7515)]"
84,3.0,"[('average_q', 1.813374954658352), ('average_loss', 0.016118826131349132), ('n_updates', 7642)]"
85,4.0,"[('average_q', 1.7606208320333394), ('average_loss', 0.015962231232244425), ('n_updates', 7817)]"
86,4.0,"[('average_q', 1.7148116360140453), ('average_loss', 0.015947715856316744), ('n_updates', 7992)]"
87,3.0,"[('average_q', 1.690788344574641), ('average_loss', 0.017538813066199564), ('n_updates', 8132)]"
88,3.0,"[('average_q', 1.7106095565819843), ('average_loss', 0.01676195714121508), ('n_updates', 8272)]"
89,2.0,"[('average_q', 1.7530967373326396), ('average_loss', 0.015569551905887923), ('n_updates', 8375)]"
90,3.0,"[('average_q', 1.7709043001935028), ('average_loss', 0.016040634165628998), ('n_updates', 8515)]"
91,2.0,"[('average_q', 1.8055915052692657), ('average_loss', 0.01780674854494189), ('n_updates', 8618)]"
92,3.0,"[('average_q', 1.8176996021399456), ('average_loss', 0.020456419831992475), ('n_updates', 8758)]"
93,3.0,"[('average_q', 1.8303153583914682), ('average_loss', 0.017383026309094537), ('n_updates', 8898)]"
94,3.0,"[('average_q', 1.8292312645002564), ('average_loss', 0.015735730520750862), ('n_updates', 9038)]"
95,3.0,"[('average_q', 1.8319876121844754), ('average_loss', 0.017135009944085032), ('n_updates', 9178)]"
96,3.0,"[('average_q', 1.803216725602481), ('average_loss', 0.016850001316610047), ('n_updates', 9318)]"
97,4.0,"[('average_q', 1.7596310182153367), ('average_loss', 0.017306805546936605), ('n_updates', 9493)]"
98,3.0,"[('average_q', 1.7753968496042738), ('average_loss', 0.01690091179086072), ('n_updates', 9633)]"
99,4.0,"[('average_q', 1.7373304319257774), ('average_loss', 0.014982632522931597), ('n_updates', 9808)]"
100,0.0,"[('average_q', 1.7638857661711056), ('average_loss', 0.014222032003189633), ('n_updates', 9831)]"
101,0.0,"[('average_q', 1.783688526790432), ('average_loss', 0.01546403811723627), ('n_updates', 9854)]"
102,2.0,"[('average_q', 1.8328569970804196), ('average_loss', 0.015687350467433105), ('n_updates', 9957)]"
103,0.0,"[('average_q', 1.8600538642605977), ('average_loss', 0.015591085152123568), ('n_updates', 9980)]"
104,0.0,"[('average_q', 1.8855490620122075), ('average_loss', 0.015245122826647698), ('n_updates', 10003)]"
105,3.0,"[('average_q', 1.8908741152677457), ('average_loss', 0.016785493622224954), ('n_updates', 10143)]"
106,3.0,"[('average_q', 1.909134561211622), ('average_loss', 0.01561179550761837), ('n_updates', 10283)]"
107,4.0,"[('average_q', 1.8608409069856688), ('average_loss', 0.015239112692429155), ('n_updates', 10458)]"
108,4.0,"[('average_q', 1.8223073367097427), ('average_loss', 0.013142713607969763), ('n_updates', 10633)]"
109,4.0,"[('average_q', 1.8029043393184738), ('average_loss', 0.016199924581996886), ('n_updates', 10808)]"
110,4.0,"[('average_q', 1.7833695151928024), ('average_loss', 0.01730416240108637), ('n_updates', 10983)]"
111,3.0,"[('average_q', 1.8216549367873098), ('average_loss', 0.015493184432039432), ('n_updates', 11123)]"
112,4.0,"[('average_q', 1.7874478246724097), ('average_loss', 0.015507813706025024), ('n_updates', 11298)]"
113,5.0,"[('average_q', 1.7515507246825086), ('average_loss', 0.014302364737917505), ('n_updates', 11506)]"
114,2.0,"[('average_q', 1.8064530858648082), ('average_loss', 0.015253178844095027), ('n_updates', 11609)]"
115,4.0,"[('average_q', 1.779603238104147), ('average_loss', 0.015845643442551797), ('n_updates', 11784)]"
116,4.0,"[('average_q', 1.757473814154647), ('average_loss', 0.015503032621222084), ('n_updates', 11959)]"
117,3.0,"[('average_q', 1.776166280469333), ('average_loss', 0.014988000150965818), ('n_updates', 12099)]"
118,4.0,"[('average_q', 1.7560802404763067), ('average_loss', 0.017452096340967786), ('n_updates', 12274)]"
119,4.0,"[('average_q', 1.7414627344086278), ('average_loss', 0.017007134441610977), ('n_updates', 12449)]"
120,4.0,"[('average_q', 1.7438569976336005), ('average_loss', 0.019917816803856448), ('n_updates', 12624)]"
121,4.0,"[('average_q', 1.76212687786461), ('average_loss', 0.01946830126127072), ('n_updates', 12799)]"
122,1.0,"[('average_q', 1.8188233512767467), ('average_loss', 0.019160497188398545), ('n_updates', 12863)]"
123,4.0,"[('average_q', 1.8150114642488533), ('average_loss', 0.016632293213416027), ('n_updates', 13038)]"
124,4.0,"[('average_q', 1.8285809287157873), ('average_loss', 0.01603663349861611), ('n_updates', 13213)]"
125,1.0,"[('average_q', 1.8932972100451817), ('average_loss', 0.015632982573343262), ('n_updates', 13277)]"
126,1.0,"[('average_q', 1.9427183339136334), ('average_loss', 0.016889822176734952), ('n_updates', 13341)]"
127,4.0,"[('average_q', 1.9416243874701293), ('average_loss', 0.01683118998181104), ('n_updates', 13516)]"
128,4.0,"[('average_q', 1.9524775933028773), ('average_loss', 0.017177143118368318), ('n_updates', 13691)]"
129,1.0,"[('average_q', 1.987321623630062), ('average_loss', 0.018705447433844252), ('n_updates', 13742)]"
130,1.0,"[('average_q', 2.0250914038812766), ('average_loss', 0.01844980230218003), ('n_updates', 13796)]"
131,1.0,"[('average_q', 2.055242580935325), ('average_loss', 0.016787717308292156), ('n_updates', 13851)]"
132,1.0,"[('average_q', 2.083558251923107), ('average_loss', 0.01605297806116257), ('n_updates', 13903)]"
133,1.0,"[('average_q', 2.1140064626399315), ('average_loss', 0.016117712944870695), ('n_updates', 13957)]"
134,1.0,"[('average_q', 2.1729962924367574), ('average_loss', 0.018831708622132116), ('n_updates', 14021)]"
135,5.0,"[('average_q', 2.1249420144923756), ('average_loss', 0.018994909474631116), ('n_updates', 14229)]"
136,5.0,"[('average_q', 2.0879682405054427), ('average_loss', 0.02258252108071069), ('n_updates', 14437)]"
137,1.0,"[('average_q', 2.140813774004895), ('average_loss', 0.023079399855787427), ('n_updates', 14501)]"
138,5.0,"[('average_q', 2.1257299843934945), ('average_loss', 0.021188970457487515), ('n_updates', 14709)]"
139,1.0,"[('average_q', 2.1698828466200357), ('average_loss', 0.02133050749941266), ('n_updates', 14773)]"
140,1.0,"[('average_q', 2.2252334945778434), ('average_loss', 0.01998134596739338), ('n_updates', 14837)]"
141,6.0,"[('average_q', 2.1656455295619423), ('average_loss', 0.019928226702163397), ('n_updates', 15076)]"
142,5.0,"[('average_q', 2.138339005496067), ('average_loss', 0.018712118388436824), ('n_updates', 15284)]"
143,5.0,"[('average_q', 2.116130964196075), ('average_loss', 0.02042020611814257), ('n_updates', 15492)]"
144,5.0,"[('average_q', 2.085815335526116), ('average_loss', 0.01975342395257251), ('n_updates', 15700)]"
145,1.0,"[('average_q', 2.1220665129195924), ('average_loss', 0.019858196122849666), ('n_updates', 15764)]"
146,5.0,"[('average_q', 2.097171603123617), ('average_loss', 0.021450133011671473), ('n_updates', 15972)]"
147,5.0,"[('average_q', 2.0870603516233057), ('average_loss', 0.023045961131055392), ('n_updates', 16180)]"
148,5.0,"[('average_q', 2.0707443482939594), ('average_loss', 0.019982573701206197), ('n_updates', 16388)]"
149,6.0,"[('average_q', 2.035728141209695), ('average_loss', 0.020998248814684536), ('n_updates', 16627)]"
150,6.0,"[('average_q', 2.0192146150318298), ('average_loss', 0.020198700772048214), ('n_updates', 16866)]"
151,5.0,"[('average_q', 2.0445982377705114), ('average_loss', 0.023039991507811258), ('n_updates', 17074)]"
152,3.0,"[('average_q', 2.1146603310596728), ('average_loss', 0.020686055663999746), ('n_updates', 17214)]"
153,3.0,"[('average_q', 2.166796714047661), ('average_loss', 0.022417657534939697), ('n_updates', 17354)]"
154,6.0,"[('average_q', 2.138633877903015), ('average_loss', 0.02346671268354918), ('n_updates', 17593)]"
155,6.0,"[('average_q', 2.106494551875663), ('average_loss', 0.024330947207382186), ('n_updates', 17832)]"
156,5.0,"[('average_q', 2.1176258009103255), ('average_loss', 0.021941757493029186), ('n_updates', 18040)]"
157,5.0,"[('average_q', 2.135068876672873), ('average_loss', 0.023999533900949693), ('n_updates', 18248)]"
158,5.0,"[('average_q', 2.1361847144712236), ('average_loss', 0.023627586927090653), ('n_updates', 18456)]"
159,5.0,"[('average_q', 2.152108853096201), ('average_loss', 0.02513832274827738), ('n_updates', 18664)]"
160,5.0,"[('average_q', 2.154779180274249), ('average_loss', 0.024029524422803903), ('n_updates', 18872)]"
161,6.0,"[('average_q', 2.0987153047928553), ('average_loss', 0.02314184169356777), ('n_updates', 19111)]"
162,5.0,"[('average_q', 2.10336394157757), ('average_loss', 0.021943592012912114), ('n_updates', 19319)]"
163,6.0,"[('average_q', 2.054289899168032), ('average_loss', 0.02111689836483478), ('n_updates', 19558)]"
164,5.0,"[('average_q', 2.0516314470040955), ('average_loss', 0.024242786851993586), ('n_updates', 19766)]"
165,5.0,"[('average_q', 2.077586224359525), ('average_loss', 0.022650747368660303), ('n_updates', 19974)]"
166,5.0,"[('average_q', 2.088020876880964), ('average_loss', 0.023116562351765138), ('n_updates', 20182)]"
167,6.0,"[('average_q', 2.049733314925958), ('average_loss', 0.029123287599066426), ('n_updates', 20421)]"
168,3.0,"[('average_q', 2.1258891483374596), ('average_loss', 0.025735994197291744), ('n_updates', 20561)]"
169,3.0,"[('average_q', 2.198571092360143), ('average_loss', 0.026785005001594916), ('n_updates', 20701)]"
170,5.0,"[('average_q', 2.2158509160267315), ('average_loss', 0.02485003564733946), ('n_updates', 20909)]"
171,2.0,"[('average_q', 2.2699329607468846), ('average_loss', 0.026774926072799674), ('n_updates', 21012)]"
172,3.0,"[('average_q', 2.3349520191608586), ('average_loss', 0.026837426780069517), ('n_updates', 21152)]"
173,6.0,"[('average_q', 2.265161383330225), ('average_loss', 0.02972179481850845), ('n_updates', 21391)]"
174,5.0,"[('average_q', 2.276451079362211), ('average_loss', 0.030325490155113752), ('n_updates', 21599)]"
175,2.0,"[('average_q', 2.3382171836781516), ('average_loss', 0.027374120608205234), ('n_updates', 21702)]"
176,5.0,"[('average_q', 2.3516270427427997), ('average_loss', 0.03448295362505616), ('n_updates', 21910)]"
177,3.0,"[('average_q', 2.4379309219852354), ('average_loss', 0.030690981401270512), ('n_updates', 22050)]"
178,5.0,"[('average_q', 2.4674848560414127), ('average_loss', 0.02916916498563869), ('n_updates', 22258)]"
179,1.0,"[('average_q', 2.5419579148026497), ('average_loss', 0.028823347055030264), ('n_updates', 22322)]"
180,5.0,"[('average_q', 2.5585922703699295), ('average_loss', 0.029085758525724877), ('n_updates', 22530)]"
181,5.0,"[('average_q', 2.5776276917679053), ('average_loss', 0.02925825014971887), ('n_updates', 22738)]"
182,5.0,"[('average_q', 2.5806242111317657), ('average_loss', 0.03474747954344739), ('n_updates', 22946)]"
183,2.0,"[('average_q', 2.6478402665186587), ('average_loss', 0.030275909215031586), ('n_updates', 23049)]"
184,5.0,"[('average_q', 2.6466360722183193), ('average_loss', 0.03301239735935569), ('n_updates', 23257)]"
185,5.0,"[('average_q', 2.6690837114370707), ('average_loss', 0.03067544698345524), ('n_updates', 23465)]"
186,5.0,"[('average_q', 2.680282774292363), ('average_loss', 0.030002835063127505), ('n_updates', 23675)]"
187,5.0,"[('average_q', 2.6835205839082326), ('average_loss', 0.027865346337590156), ('n_updates', 23883)]"
188,5.0,"[('average_q', 2.7015554517419047), ('average_loss', 0.029679297220458742), ('n_updates', 24091)]"
189,5.0,"[('average_q', 2.731497727440278), ('average_loss', 0.033433501454201445), ('n_updates', 24299)]"
190,5.0,"[('average_q', 2.7647798116471156), ('average_loss', 0.03075377294029719), ('n_updates', 24507)]"
191,3.0,"[('average_q', 2.8666801104822683), ('average_loss', 0.03331171619278713), ('n_updates', 24647)]"
192,5.0,"[('average_q', 2.8750013362598055), ('average_loss', 0.030260667548015152), ('n_updates', 24855)]"
193,5.0,"[('average_q', 2.837365444402131), ('average_loss', 0.0294148480164556), ('n_updates', 25063)]"
194,5.0,"[('average_q', 2.8557909704386613), ('average_loss', 0.02856409394540275), ('n_updates', 25271)]"
195,5.0,"[('average_q', 2.837626890165638), ('average_loss', 0.032589776703169725), ('n_updates', 25479)]"
196,1.0,"[('average_q', 2.859696224668395), ('average_loss', 0.03478943947343683), ('n_updates', 25543)]"
197,4.0,"[('average_q', 2.9233286623153556), ('average_loss', 0.03371111079294398), ('n_updates', 25718)]"
198,5.0,"[('average_q', 2.9079304859696626), ('average_loss', 0.036465810762740886), ('n_updates', 25926)]"
199,4.0,"[('average_q', 2.9674386888526416), ('average_loss', 0.030642780198928164), ('n_updates', 26101)]"
200,2.0,"[('average_q', 3.041160557388433), ('average_loss', 0.03566313420392421), ('n_updates', 26204)]"
201,4.0,"[('average_q', 3.101464660198097), ('average_loss', 0.03437562262105489), ('n_updates', 26379)]"
202,4.0,"[('average_q', 3.169211106678934), ('average_loss', 0.03545720000632614), ('n_updates', 26554)]"
203,5.0,"[('average_q', 3.157230354623898), ('average_loss', 0.03576131010261609), ('n_updates', 26762)]"
204,4.0,"[('average_q', 3.2047818211924413), ('average_loss', 0.03997054001118627), ('n_updates', 26937)]"
205,1.0,"[('average_q', 3.2687322891049067), ('average_loss', 0.03438122506455817), ('n_updates', 27001)]"
206,1.0,"[('average_q', 3.3313533720570465), ('average_loss', 0.03733934106373896), ('n_updates', 27065)]"
207,1.0,"[('average_q', 3.387825893518413), ('average_loss', 0.038268024616453594), ('n_updates', 27129)]"
208,1.0,"[('average_q', 3.4418071770634655), ('average_loss', 0.03648595964034001), ('n_updates', 27193)]"
209,1.0,"[('average_q', 3.4958322246985607), ('average_loss', 0.03740363746580501), ('n_updates', 27257)]"
210,2.0,"[('average_q', 3.5368264455746163), ('average_loss', 0.0332673380769794), ('n_updates', 27360)]"
211,4.0,"[('average_q', 3.5576241337286416), ('average_loss', 0.03682439823925004), ('n_updates', 27535)]"
212,4.0,"[('average_q', 3.5863656397578008), ('average_loss', 0.03402572252617581), ('n_updates', 27710)]"
213,5.0,"[('average_q', 3.5555519115188536), ('average_loss', 0.031120566077430602), ('n_updates', 27918)]"
214,4.0,"[('average_q', 3.603615279970807), ('average_loss', 0.03526866411871495), ('n_updates', 28093)]"
215,4.0,"[('average_q', 3.625157288094918), ('average_loss', 0.03405649279582139), ('n_updates', 28268)]"
216,5.0,"[('average_q', 3.51551095845186), ('average_loss', 0.03268088475933093), ('n_updates', 28476)]"
217,5.0,"[('average_q', 3.4711148347624716), ('average_loss', 0.03431846804735017), ('n_updates', 28684)]"
218,5.0,"[('average_q', 3.428395408503112), ('average_loss', 0.03787076451110657), ('n_updates', 28892)]"
219,5.0,"[('average_q', 3.3682703600040758), ('average_loss', 0.03478502087654695), ('n_updates', 29100)]"
220,1.0,"[('average_q', 3.4299255214343565), ('average_loss', 0.031897150101384636), ('n_updates', 29164)]"
221,1.0,"[('average_q', 3.488334664352166), ('average_loss', 0.031115854693905907), ('n_updates', 29228)]"
222,4.0,"[('average_q', 3.5130414896555817), ('average_loss', 0.028908295047433637), ('n_updates', 29405)]"
223,4.0,"[('average_q', 3.5558601293930696), ('average_loss', 0.02821151750505311), ('n_updates', 29580)]"
224,4.0,"[('average_q', 3.5475703706939643), ('average_loss', 0.02714006771552929), ('n_updates', 29755)]"
225,1.0,"[('average_q', 3.593561189524606), ('average_loss', 0.027452342098624176), ('n_updates', 29819)]"
226,5.0,"[('average_q', 3.501147418877525), ('average_loss', 0.030315050003844535), ('n_updates', 30027)]"
227,1.0,"[('average_q', 3.553148504176184), ('average_loss', 0.02923455402340588), ('n_updates', 30091)]"
228,4.0,"[('average_q', 3.53218974480987), ('average_loss', 0.031142730903193555), ('n_updates', 30266)]"
229,1.0,"[('average_q', 3.582891027133203), ('average_loss', 0.03316016135632999), ('n_updates', 30330)]"
230,1.0,"[('average_q', 3.6297456087850666), ('average_loss', 0.02914939473413425), ('n_updates', 30394)]"
231,4.0,"[('average_q', 3.64038119282734), ('average_loss', 0.03182805194695071), ('n_updates', 30569)]"
232,5.0,"[('average_q', 3.5552694169467975), ('average_loss', 0.033030744146574774), ('n_updates', 30777)]"
233,5.0,"[('average_q', 3.4666074868013808), ('average_loss', 0.032019379938350585), ('n_updates', 30985)]"
234,5.0,"[('average_q', 3.3892111438440793), ('average_loss', 0.03757527173635228), ('n_updates', 31193)]"
235,5.0,"[('average_q', 3.3591464411088747), ('average_loss', 0.031698373871976444), ('n_updates', 31401)]"
236,1.0,"[('average_q', 3.4177707063922935), ('average_loss', 0.031397908558933034), ('n_updates', 31465)]"
237,1.0,"[('average_q', 3.4840246209994334), ('average_loss', 0.03032364621520965), ('n_updates', 31529)]"
238,1.0,"[('average_q', 3.5393496672042826), ('average_loss', 0.03475128850803605), ('n_updates', 31593)]"
239,1.0,"[('average_q', 3.5933317931246322), ('average_loss', 0.03422375303675465), ('n_updates', 31657)]"
240,5.0,"[('average_q', 3.533403407926601), ('average_loss', 0.031243266553215996), ('n_updates', 31865)]"
241,4.0,"[('average_q', 3.561190355591989), ('average_loss', 0.03359874010542256), ('n_updates', 32040)]"
242,4.0,"[('average_q', 3.574713550094029), ('average_loss', 0.03167348095686192), ('n_updates', 32215)]"
243,1.0,"[('average_q', 3.6254577502954635), ('average_loss', 0.0314623923691613), ('n_updates', 32279)]"
244,5.0,"[('average_q', 3.5520173629372507), ('average_loss', 0.02938859849378925), ('n_updates', 32487)]"
245,4.0,"[('average_q', 3.5722176940647805), ('average_loss', 0.03297149749372702), ('n_updates', 32662)]"
246,4.0,"[('average_q', 3.5842321236664816), ('average_loss', 0.030277925844316076), ('n_updates', 32837)]"
247,4.0,"[('average_q', 3.6138164904267644), ('average_loss', 0.0269323384485454), ('n_updates', 33012)]"
248,4.0,"[('average_q', 3.6465563143339352), ('average_loss', 0.028263998105287704), ('n_updates', 33187)]"
249,1.0,"[('average_q', 3.7169016827161796), ('average_loss', 0.026999532825205164), ('n_updates', 33251)]"
250,5.0,"[('average_q', 3.6479732396098146), ('average_loss', 0.027387892363809837), ('n_updates', 33459)]"
251,4.0,"[('average_q', 3.7003525693405357), ('average_loss', 0.023493605669292244), ('n_updates', 33634)]"
252,5.0,"[('average_q', 3.633163901917049), ('average_loss', 0.02624714385727944), ('n_updates', 33842)]"
253,1.0,"[('average_q', 3.7035570325401554), ('average_loss', 0.025586147963662584), ('n_updates', 33906)]"
254,5.0,"[('average_q', 3.6434177647044534), ('average_loss', 0.02543570075503957), ('n_updates', 34114)]"
255,5.0,"[('average_q', 3.581787809924493), ('average_loss', 0.02815326152272006), ('n_updates', 34322)]"
256,5.0,"[('average_q', 3.5399258981401873), ('average_loss', 0.027170160584137765), ('n_updates', 34530)]"
257,4.0,"[('average_q', 3.603186252314591), ('average_loss', 0.03206501296666384), ('n_updates', 34705)]"
258,4.0,"[('average_q', 3.658286590919763), ('average_loss', 0.0323090795411005), ('n_updates', 34880)]"
259,4.0,"[('average_q', 3.711225139746509), ('average_loss', 0.03604414550857968), ('n_updates', 35055)]"
260,5.0,"[('average_q', 3.6472619771887156), ('average_loss', 0.039184925759680564), ('n_updates', 35263)]"
261,2.0,"[('average_q', 3.725231623943243), ('average_loss', 0.035425246432740656), ('n_updates', 35366)]"
262,5.0,"[('average_q', 3.6438924403908084), ('average_loss', 0.037491183801677846), ('n_updates', 35574)]"
263,5.0,"[('average_q', 3.590781942648628), ('average_loss', 0.035789571707110106), ('n_updates', 35782)]"
264,5.0,"[('average_q', 3.535785659582436), ('average_loss', 0.03102110143627754), ('n_updates', 35990)]"
265,4.0,"[('average_q', 3.589088953567582), ('average_loss', 0.033182930650103866), ('n_updates', 36165)]"
266,4.0,"[('average_q', 3.6580170438522517), ('average_loss', 0.034606103920760974), ('n_updates', 36340)]"
267,5.0,"[('average_q', 3.6128679323629287), ('average_loss', 0.035467707898339196), ('n_updates', 36548)]"
268,4.0,"[('average_q', 3.655551085048355), ('average_loss', 0.02884598862046615), ('n_updates', 36723)]"
269,4.0,"[('average_q', 3.7034707785850474), ('average_loss', 0.03299202403526204), ('n_updates', 36898)]"
270,2.0,"[('average_q', 3.7905514165331136), ('average_loss', 0.032046279386495784), ('n_updates', 37001)]"
271,5.0,"[('average_q', 3.6769967766951988), ('average_loss', 0.03703504830995653), ('n_updates', 37209)]"
272,5.0,"[('average_q', 3.620787789647371), ('average_loss', 0.028293760808477827), ('n_updates', 37417)]"
273,5.0,"[('average_q', 3.5594755065855104), ('average_loss', 0.030098112973805435), ('n_updates', 37625)]"
274,5.0,"[('average_q', 3.5004407357110274), ('average_loss', 0.0275761568240782), ('n_updates', 37833)]"
275,5.0,"[('average_q', 3.423814300172687), ('average_loss', 0.031026818001063047), ('n_updates', 38041)]"
276,5.0,"[('average_q', 3.406097042123981), ('average_loss', 0.026776482491754725), ('n_updates', 38249)]"
277,4.0,"[('average_q', 3.4402477897648205), ('average_loss', 0.026933935659852477), ('n_updates', 38424)]"
278,5.0,"[('average_q', 3.375237111323021), ('average_loss', 0.03123985187960849), ('n_updates', 38634)]"
279,2.0,"[('average_q', 3.4549669818720257), ('average_loss', 0.030194484451923152), ('n_updates', 38737)]"
280,2.0,"[('average_q', 3.523788013523954), ('average_loss', 0.030735846477028435), ('n_updates', 38840)]"
281,5.0,"[('average_q', 3.415279476576509), ('average_loss', 0.030524807702256854), ('n_updates', 39048)]"
282,5.0,"[('average_q', 3.361353489481965), ('average_loss', 0.028684557100576404), ('n_updates', 39256)]"
283,4.0,"[('average_q', 3.3793763320690635), ('average_loss', 0.029678705825978164), ('n_updates', 39431)]"
284,4.0,"[('average_q', 3.4107502614862923), ('average_loss', 0.027602328184819332), ('n_updates', 39606)]"
285,5.0,"[('average_q', 3.3519816541706504), ('average_loss', 0.025747724131295495), ('n_updates', 39814)]"
286,4.0,"[('average_q', 3.404490075590995), ('average_loss', 0.020775817152654173), ('n_updates', 39989)]"
287,2.0,"[('average_q', 3.4868368323272003), ('average_loss', 0.022951232718801864), ('n_updates', 40092)]"
288,5.0,"[('average_q', 3.4366839276623273), ('average_loss', 0.02483840466177027), ('n_updates', 40300)]"
289,3.0,"[('average_q', 3.507511442946628), ('average_loss', 0.026749214082624588), ('n_updates', 40440)]"
290,4.0,"[('average_q', 3.517232487054069), ('average_loss', 0.02600785670150349), ('n_updates', 40615)]"
291,4.0,"[('average_q', 3.4911943163607284), ('average_loss', 0.025941266393802804), ('n_updates', 40790)]"
292,4.0,"[('average_q', 3.461901479905286), ('average_loss', 0.022856909158620067), ('n_updates', 40965)]"
293,6.0,"[('average_q', 3.3100348156370054), ('average_loss', 0.02111168461870799), ('n_updates', 41206)]"
294,5.0,"[('average_q', 3.227272129334926), ('average_loss', 0.026868565330822995), ('n_updates', 41414)]"
295,4.0,"[('average_q', 3.234227092729922), ('average_loss', 0.026841266289872556), ('n_updates', 41589)]"
296,4.0,"[('average_q', 3.2514467677562924), ('average_loss', 0.025415116449182092), ('n_updates', 41764)]"
297,4.0,"[('average_q', 3.2449779897145308), ('average_loss', 0.027819150208636925), ('n_updates', 41939)]"
298,2.0,"[('average_q', 3.30288295423137), ('average_loss', 0.026105375768078018), ('n_updates', 42042)]"
299,3.0,"[('average_q', 3.331801383351141), ('average_loss', 0.02214259487344), ('n_updates', 42182)]"
300,4.0,"[('average_q', 3.3041068786093764), ('average_loss', 0.02362561460397659), ('n_updates', 42357)]"
301,3.0,"[('average_q', 3.348041017844306), ('average_loss', 0.02352793202208438), ('n_updates', 42497)]"
302,4.0,"[('average_q', 3.3237458898672974), ('average_loss', 0.024809811363697264), ('n_updates', 42672)]"
303,3.0,"[('average_q', 3.350094621949801), ('average_loss', 0.028589877062594447), ('n_updates', 42812)]"
304,4.0,"[('average_q', 3.311353324716227), ('average_loss', 0.026752997658150025), ('n_updates', 42987)]"
305,4.0,"[('average_q', 3.286139447277255), ('average_loss', 0.02646445899288825), ('n_updates', 43162)]"
306,3.0,"[('average_q', 3.3202527983756296), ('average_loss', 0.02584190455227662), ('n_updates', 43302)]"
307,6.0,"[('average_q', 3.206227414506622), ('average_loss', 0.024733046813108197), ('n_updates', 43541)]"
308,3.0,"[('average_q', 3.251924674349069), ('average_loss', 0.021472592701133), ('n_updates', 43681)]"
309,4.0,"[('average_q', 3.2434971128081704), ('average_loss', 0.02608000962922026), ('n_updates', 43856)]"
310,4.0,"[('average_q', 3.205574530680923), ('average_loss', 0.0229367988966544), ('n_updates', 44033)]"
311,3.0,"[('average_q', 3.2518606742713816), ('average_loss', 0.02357987093321553), ('n_updates', 44173)]"
312,3.0,"[('average_q', 3.280289508002318), ('average_loss', 0.02503704171810165), ('n_updates', 44313)]"
313,3.0,"[('average_q', 3.316514173600318), ('average_loss', 0.02177954983029502), ('n_updates', 44453)]"
314,3.0,"[('average_q', 3.33492989236233), ('average_loss', 0.023232515362617955), ('n_updates', 44593)]"
315,3.0,"[('average_q', 3.3521971591480315), ('average_loss', 0.02470395630566477), ('n_updates', 44733)]"
316,3.0,"[('average_q', 3.3592303909352714), ('average_loss', 0.022598147904513918), ('n_updates', 44873)]"
317,3.0,"[('average_q', 3.3761256412819463), ('average_loss', 0.02132277437374985), ('n_updates', 45015)]"
318,2.0,"[('average_q', 3.451089921138519), ('average_loss', 0.020902114611853474), ('n_updates', 45118)]"
319,2.0,"[('average_q', 3.5181379833144932), ('average_loss', 0.02234121279474661), ('n_updates', 45221)]"
320,3.0,"[('average_q', 3.5283760892666804), ('average_loss', 0.02337552814031), ('n_updates', 45363)]"
321,3.0,"[('average_q', 3.515906555098998), ('average_loss', 0.02587914515896455), ('n_updates', 45503)]"
322,2.0,"[('average_q', 3.5737365861389043), ('average_loss', 0.022279285448732603), ('n_updates', 45606)]"
323,2.0,"[('average_q', 3.615183502151861), ('average_loss', 0.023613819614679687), ('n_updates', 45709)]"
324,2.0,"[('average_q', 3.6571547924092314), ('average_loss', 0.0245398232413488), ('n_updates', 45812)]"
325,4.0,"[('average_q', 3.5649584093566236), ('average_loss', 0.026887526181022952), ('n_updates', 45987)]"
326,2.0,"[('average_q', 3.6180078703906466), ('average_loss', 0.026386548403846227), ('n_updates', 46090)]"
327,3.0,"[('average_q', 3.606713954364316), ('average_loss', 0.025914746381536687), ('n_updates', 46230)]"
328,3.0,"[('average_q', 3.6131107710371655), ('average_loss', 0.02456278486047614), ('n_updates', 46372)]"
329,4.0,"[('average_q', 3.527008724339133), ('average_loss', 0.02591298656991203), ('n_updates', 46547)]"
330,2.0,"[('average_q', 3.5739832332965835), ('average_loss', 0.025309323005367302), ('n_updates', 46650)]"
331,2.0,"[('average_q', 3.609862175380199), ('average_loss', 0.0239834361543856), ('n_updates', 46753)]"
332,5.0,"[('average_q', 3.479301042556818), ('average_loss', 0.022507906580498144), ('n_updates', 46961)]"
333,3.0,"[('average_q', 3.4879271160027776), ('average_loss', 0.024001210775574898), ('n_updates', 47101)]"
334,2.0,"[('average_q', 3.5459809886922757), ('average_loss', 0.0237424233520968), ('n_updates', 47204)]"
335,5.0,"[('average_q', 3.4134807420877773), ('average_loss', 0.027362349652812132), ('n_updates', 47412)]"
336,2.0,"[('average_q', 3.4615988308395758), ('average_loss', 0.024337653175063718), ('n_updates', 47515)]"
337,2.0,"[('average_q', 3.5111247855909493), ('average_loss', 0.02628829370550086), ('n_updates', 47618)]"
338,2.0,"[('average_q', 3.5560800448849714), ('average_loss', 0.028059728333506836), ('n_updates', 47721)]"
339,2.0,"[('average_q', 3.599219394944622), ('average_loss', 0.025637366370505874), ('n_updates', 47824)]"
340,2.0,"[('average_q', 3.6272674048728053), ('average_loss', 0.029263160359170412), ('n_updates', 47927)]"
341,2.0,"[('average_q', 3.6518048180541656), ('average_loss', 0.027993615535948833), ('n_updates', 48030)]"
342,2.0,"[('average_q', 3.6781162620344467), ('average_loss', 0.023844264491598904), ('n_updates', 48133)]"
343,2.0,"[('average_q', 3.7019340315467995), ('average_loss', 0.022418645301407497), ('n_updates', 48236)]"
344,2.0,"[('average_q', 3.717477593096361), ('average_loss', 0.020871437806670216), ('n_updates', 48339)]"
345,2.0,"[('average_q', 3.737885584512298), ('average_loss', 0.022106280632926637), ('n_updates', 48442)]"
346,2.0,"[('average_q', 3.756590567268827), ('average_loss', 0.024560242298977308), ('n_updates', 48545)]"
347,3.0,"[('average_q', 3.705922256916584), ('average_loss', 0.025403479083407583), ('n_updates', 48685)]"
348,2.0,"[('average_q', 3.7397447524893432), ('average_loss', 0.025129626535206524), ('n_updates', 48788)]"
349,2.0,"[('average_q', 3.772793805792895), ('average_loss', 0.02515282902872903), ('n_updates', 48891)]"
350,5.0,"[('average_q', 3.636823038413618), ('average_loss', 0.023510901735673138), ('n_updates', 49099)]"
351,2.0,"[('average_q', 3.668635944991216), ('average_loss', 0.02712935388567141), ('n_updates', 49202)]"
352,2.0,"[('average_q', 3.709138329324641), ('average_loss', 0.02471432759697144), ('n_updates', 49305)]"
353,2.0,"[('average_q', 3.7421498364348267), ('average_loss', 0.02374018201394776), ('n_updates', 49408)]"
354,2.0,"[('average_q', 3.780823536076124), ('average_loss', 0.023233494157511116), ('n_updates', 49511)]"
355,2.0,"[('average_q', 3.8124465239709586), ('average_loss', 0.022236617154398758), ('n_updates', 49614)]"
356,3.0,"[('average_q', 3.7900858171260223), ('average_loss', 0.022740856327530777), ('n_updates', 49756)]"
357,2.0,"[('average_q', 3.815643296083992), ('average_loss', 0.023007345622787632), ('n_updates', 49859)]"
358,3.0,"[('average_q', 3.8105187996849543), ('average_loss', 0.021835809337971353), ('n_updates', 49999)]"
359,4.0,"[('average_q', 3.7330488905485555), ('average_loss', 0.023332082947356524), ('n_updates', 50174)]"
360,3.0,"[('average_q', 3.7238522711022597), ('average_loss', 0.024113711256831653), ('n_updates', 50314)]"
361,3.0,"[('average_q', 3.680179546120636), ('average_loss', 0.026232539432983457), ('n_updates', 50454)]"
362,4.0,"[('average_q', 3.592348599871958), ('average_loss', 0.021739937053963806), ('n_updates', 50629)]"
363,2.0,"[('average_q', 3.6145220202502855), ('average_loss', 0.0218428889879694), ('n_updates', 50732)]"
364,2.0,"[('average_q', 3.6437376176491028), ('average_loss', 0.020934614216541015), ('n_updates', 50835)]"
365,5.0,"[('average_q', 3.5344732798297076), ('average_loss', 0.023448653884117807), ('n_updates', 51043)]"
366,3.0,"[('average_q', 3.542047142589903), ('average_loss', 0.02296754872919732), ('n_updates', 51183)]"
367,8.0,"[('average_q', 3.3817551971988604), ('average_loss', 0.024350526086401543), ('n_updates', 51478)]"
368,3.0,"[('average_q', 3.4006886876408027), ('average_loss', 0.025374537587343045), ('n_updates', 51618)]"
369,5.0,"[('average_q', 3.32283543651504), ('average_loss', 0.024493559385519566), ('n_updates', 51826)]"
370,5.0,"[('average_q', 3.2850228776645496), ('average_loss', 0.0217765675669783), ('n_updates', 52034)]"
371,5.0,"[('average_q', 3.2486660575030255), ('average_loss', 0.02178893638041249), ('n_updates', 52242)]"
372,5.0,"[('average_q', 3.233178238694303), ('average_loss', 0.02343007908881256), ('n_updates', 52450)]"
373,5.0,"[('average_q', 3.216715576065508), ('average_loss', 0.019352589274524115), ('n_updates', 52658)]"
374,6.0,"[('average_q', 3.166551131605001), ('average_loss', 0.020270983716600858), ('n_updates', 52897)]"
375,3.0,"[('average_q', 3.220698058344525), ('average_loss', 0.020332582211162076), ('n_updates', 53037)]"
376,5.0,"[('average_q', 3.187815397791072), ('average_loss', 0.02106363692263162), ('n_updates', 53245)]"
377,5.0,"[('average_q', 3.1503107051232067), ('average_loss', 0.024084437552857333), ('n_updates', 53453)]"
378,5.0,"[('average_q', 3.1616970290451993), ('average_loss', 0.02450038898469316), ('n_updates', 53661)]"
379,5.0,"[('average_q', 3.1645336380547624), ('average_loss', 0.025192234163741445), ('n_updates', 53869)]"
380,5.0,"[('average_q', 3.1892846465902043), ('average_loss', 0.024509398664000214), ('n_updates', 54077)]"
381,5.0,"[('average_q', 3.2116966587033215), ('average_loss', 0.025640722488102514), ('n_updates', 54285)]"
382,5.0,"[('average_q', 3.2275108552328597), ('average_loss', 0.021487715147070124), ('n_updates', 54493)]"
383,5.0,"[('average_q', 3.231986832383035), ('average_loss', 0.01981695993898368), ('n_updates', 54701)]"
384,6.0,"[('average_q', 3.202894046070239), ('average_loss', 0.022235798049055133), ('n_updates', 54940)]"
385,5.0,"[('average_q', 3.187627168813546), ('average_loss', 0.02208398399664872), ('n_updates', 55148)]"
386,2.0,"[('average_q', 3.261452887160391), ('average_loss', 0.022607543799736774), ('n_updates', 55251)]"
387,5.0,"[('average_q', 3.2654955412612905), ('average_loss', 0.022678087905643414), ('n_updates', 55459)]"
388,6.0,"[('average_q', 3.2415572525916896), ('average_loss', 0.023071693947495028), ('n_updates', 55698)]"
389,5.0,"[('average_q', 3.2277180978811137), ('average_loss', 0.0207939862148171), ('n_updates', 55906)]"
390,5.0,"[('average_q', 3.2426516480625502), ('average_loss', 0.02278053072087791), ('n_updates', 56114)]"
391,5.0,"[('average_q', 3.258602922412151), ('average_loss', 0.025814727393906823), ('n_updates', 56322)]"
392,9.0,"[('average_q', 3.18244166168882), ('average_loss', 0.026606653977884764), ('n_updates', 56644)]"
393,5.0,"[('average_q', 3.2137353452737525), ('average_loss', 0.023167211845997356), ('n_updates', 56852)]"
394,5.0,"[('average_q', 3.2314341246328513), ('average_loss', 0.021842058117787992), ('n_updates', 57060)]"
395,6.0,"[('average_q', 3.240554086925204), ('average_loss', 0.02144403471278613), ('n_updates', 57299)]"
396,6.0,"[('average_q', 3.2497064161807723), ('average_loss', 0.022150828464016368), ('n_updates', 57538)]"
397,2.0,"[('average_q', 3.315389667533565), ('average_loss', 0.02226123536669941), ('n_updates', 57641)]"
398,2.0,"[('average_q', 3.381463801380288), ('average_loss', 0.02368475696255088), ('n_updates', 57744)]"
399,6.0,"[('average_q', 3.362187950253171), ('average_loss', 0.02215921944641512), ('n_updates', 57983)]"
400,6.0,"[('average_q', 3.3509203006031125), ('average_loss', 0.02165729410941994), ('n_updates', 58222)]"
401,6.0,"[('average_q', 3.3588637404915174), ('average_loss', 0.021197975275813366), ('n_updates', 58461)]"
402,6.0,"[('average_q', 3.355041380683842), ('average_loss', 0.02193292517406304), ('n_updates', 58700)]"
403,6.0,"[('average_q', 3.3331369629947223), ('average_loss', 0.020134580946644838), ('n_updates', 58939)]"
404,6.0,"[('average_q', 3.332269194919345), ('average_loss', 0.021801938039527985), ('n_updates', 59178)]"
405,6.0,"[('average_q', 3.346454410286837), ('average_loss', 0.02203177883814831), ('n_updates', 59417)]"
406,6.0,"[('average_q', 3.3314702703875287), ('average_loss', 0.021000195159929857), ('n_updates', 59656)]"
407,6.0,"[('average_q', 3.3321129793775373), ('average_loss', 0.02090633268470182), ('n_updates', 59895)]"
408,6.0,"[('average_q', 3.330162476543592), ('average_loss', 0.02104391313501935), ('n_updates', 60134)]"
409,6.0,"[('average_q', 3.310023978440659), ('average_loss', 0.021104018114826473), ('n_updates', 60373)]"
410,9.0,"[('average_q', 3.2546321261000215), ('average_loss', 0.022729606943755108), ('n_updates', 60693)]"
411,6.0,"[('average_q', 3.238874277777015), ('average_loss', 0.02234015448872828), ('n_updates', 60932)]"
412,6.0,"[('average_q', 3.255394739522607), ('average_loss', 0.021566513709907278), ('n_updates', 61171)]"
413,6.0,"[('average_q', 3.2864421131875425), ('average_loss', 0.02515421318152588), ('n_updates', 61410)]"
414,6.0,"[('average_q', 3.3271420760521986), ('average_loss', 0.023159638712297106), ('n_updates', 61649)]"
415,3.0,"[('average_q', 3.453434165011509), ('average_loss', 0.025021443271984863), ('n_updates', 61789)]"
416,3.0,"[('average_q', 3.482634170048375), ('average_loss', 0.022380752132378234), ('n_updates', 61929)]"
417,3.0,"[('average_q', 3.5553558167731434), ('average_loss', 0.020091519946585385), ('n_updates', 62069)]"
418,3.0,"[('average_q', 3.6065336286415404), ('average_loss', 0.02246713273502184), ('n_updates', 62209)]"
419,6.0,"[('average_q', 3.5912529196600738), ('average_loss', 0.02557037428139482), ('n_updates', 62448)]"
420,10.0,"[('average_q', 3.518483752240026), ('average_loss', 0.023978444955282608), ('n_updates', 62766)]"
421,10.0,"[('average_q', 3.4859733684749066), ('average_loss', 0.022311791631343374), ('n_updates', 63084)]"
422,3.0,"[('average_q', 3.5692497570704678), ('average_loss', 0.021538395437104892), ('n_updates', 63224)]"
423,3.0,"[('average_q', 3.6728708380889508), ('average_loss', 0.022453721985586657), ('n_updates', 63364)]"
424,3.0,"[('average_q', 3.770150000945225), ('average_loss', 0.023218306193523938), ('n_updates', 63504)]"
425,10.0,"[('average_q', 3.686086892676759), ('average_loss', 0.022370723891116103), ('n_updates', 63822)]"
426,10.0,"[('average_q', 3.6670780262260414), ('average_loss', 0.020839603204197095), ('n_updates', 64140)]"
427,3.0,"[('average_q', 3.703976757440083), ('average_loss', 0.02197647931709367), ('n_updates', 64280)]"
428,10.0,"[('average_q', 3.6624889556535845), ('average_loss', 0.023259206645416256), ('n_updates', 64598)]"
429,10.0,"[('average_q', 3.649138757016441), ('average_loss', 0.023267948803114145), ('n_updates', 64916)]"
430,10.0,"[('average_q', 3.654304778201965), ('average_loss', 0.020356092091032618), ('n_updates', 65234)]"
431,10.0,"[('average_q', 3.665761455761665), ('average_loss', 0.024973988460084175), ('n_updates', 65552)]"
432,6.0,"[('average_q', 3.6510669138162477), ('average_loss', 0.02213880437857503), ('n_updates', 65791)]"
433,10.0,"[('average_q', 3.6866139222723766), ('average_loss', 0.01988150446371614), ('n_updates', 66109)]"
434,10.0,"[('average_q', 3.711602281562115), ('average_loss', 0.021606228326871674), ('n_updates', 66427)]"
435,10.0,"[('average_q', 3.7445365693195813), ('average_loss', 0.01824777698142231), ('n_updates', 66745)]"
436,10.0,"[('average_q', 3.785336051057915), ('average_loss', 0.02235078084630048), ('n_updates', 67063)]"
437,10.0,"[('average_q', 3.8448180856974825), ('average_loss', 0.022958992031499172), ('n_updates', 67381)]"
438,3.0,"[('average_q', 3.896533036222075), ('average_loss', 0.021328425067887843), ('n_updates', 67521)]"
439,10.0,"[('average_q', 3.9614652030907758), ('average_loss', 0.02006882294015359), ('n_updates', 67839)]"
440,10.0,"[('average_q', 4.022976793851517), ('average_loss', 0.021645086416972048), ('n_updates', 68157)]"
441,10.0,"[('average_q', 4.078854810925588), ('average_loss', 0.021736906181782836), ('n_updates', 68475)]"
442,10.0,"[('average_q', 4.126194156476936), ('average_loss', 0.02051050975679918), ('n_updates', 68793)]"
443,10.0,"[('average_q', 4.183510042442202), ('average_loss', 0.022213375565481547), ('n_updates', 69111)]"
444,10.0,"[('average_q', 4.235870496054282), ('average_loss', 0.019853479094711884), ('n_updates', 69429)]"
445,10.0,"[('average_q', 4.281180378028238), ('average_loss', 0.02249527984027619), ('n_updates', 69747)]"
446,6.0,"[('average_q', 4.203445728761668), ('average_loss', 0.02311779120157962), ('n_updates', 69986)]"
447,10.0,"[('average_q', 4.296114088888488), ('average_loss', 0.019954760543971443), ('n_updates', 70304)]"
448,10.0,"[('average_q', 4.3704836823152675), ('average_loss', 0.022246093784697447), ('n_updates', 70622)]"
449,6.0,"[('average_q', 4.285174418335861), ('average_loss', 0.021433885510697113), ('n_updates', 70861)]"
450,10.0,"[('average_q', 4.403231950713753), ('average_loss', 0.02083013531318051), ('n_updates', 71179)]"
451,10.0,"[('average_q', 4.509014942785006), ('average_loss', 0.024793589416192415), ('n_updates', 71497)]"
452,2.0,"[('average_q', 4.478818890231327), ('average_loss', 0.025692001726286627), ('n_updates', 71600)]"
453,10.0,"[('average_q', 4.591539685327212), ('average_loss', 0.023867752861099545), ('n_updates', 71918)]"
454,10.0,"[('average_q', 4.7135264843165965), ('average_loss', 0.025704496674558763), ('n_updates', 72236)]"
455,10.0,"[('average_q', 4.836491525618173), ('average_loss', 0.023105106253380164), ('n_updates', 72554)]"
456,6.0,"[('average_q', 4.748837880802956), ('average_loss', 0.025593229814435108), ('n_updates', 72793)]"
457,10.0,"[('average_q', 4.910854032702864), ('average_loss', 0.027866978194316768), ('n_updates', 73111)]"
458,6.0,"[('average_q', 4.822871518504741), ('average_loss', 0.023940587816043753), ('n_updates', 73350)]"
459,10.0,"[('average_q', 5.018786381525495), ('average_loss', 0.023597087103482305), ('n_updates', 73668)]"
460,10.0,"[('average_q', 5.1501980133535055), ('average_loss', 0.022990105596982884), ('n_updates', 73986)]"
461,6.0,"[('average_q', 5.024066179460524), ('average_loss', 0.024963603601513305), ('n_updates', 74225)]"
462,10.0,"[('average_q', 5.148926469733212), ('average_loss', 0.025300552159346432), ('n_updates', 74543)]"
463,6.0,"[('average_q', 5.0717278125127665), ('average_loss', 0.02288319359771608), ('n_updates', 74782)]"
464,10.0,"[('average_q', 5.242663149938633), ('average_loss', 0.024354631911229566), ('n_updates', 75100)]"
465,6.0,"[('average_q', 5.13446610318918), ('average_loss', 0.02360451977542495), ('n_updates', 75339)]"
466,10.0,"[('average_q', 5.3032705694139475), ('average_loss', 0.023216589171068294), ('n_updates', 75657)]"
467,6.0,"[('average_q', 5.1977943312458805), ('average_loss', 0.021749530874779086), ('n_updates', 75896)]"
468,10.0,"[('average_q', 5.4078969363811495), ('average_loss', 0.02467704259079675), ('n_updates', 76214)]"
469,10.0,"[('average_q', 5.571573437382195), ('average_loss', 0.023146801426108213), ('n_updates', 76532)]"
470,10.0,"[('average_q', 5.729242039231685), ('average_loss', 0.023021642173430844), ('n_updates', 76850)]"
471,10.0,"[('average_q', 5.803573439234102), ('average_loss', 0.02382702657785063), ('n_updates', 77168)]"
472,10.0,"[('average_q', 5.902403951760461), ('average_loss', 0.023615436028536458), ('n_updates', 77486)]"
473,10.0,"[('average_q', 5.988960495268447), ('average_loss', 0.024421983361615555), ('n_updates', 77804)]"
474,6.0,"[('average_q', 5.787297021049123), ('average_loss', 0.023654179651958665), ('n_updates', 78043)]"
475,10.0,"[('average_q', 5.93023355319977), ('average_loss', 0.023266673638125367), ('n_updates', 78361)]"
476,10.0,"[('average_q', 6.074498417682195), ('average_loss', 0.022419049863759886), ('n_updates', 78679)]"
477,10.0,"[('average_q', 6.190215727429613), ('average_loss', 0.024330876112700024), ('n_updates', 78997)]"
478,10.0,"[('average_q', 6.293392671273889), ('average_loss', 0.027807841630191066), ('n_updates', 79315)]"
479,10.0,"[('average_q', 6.351243860039384), ('average_loss', 0.02192309520315561), ('n_updates', 79633)]"
480,10.0,"[('average_q', 6.432956830537342), ('average_loss', 0.024922641967156302), ('n_updates', 79951)]"
481,10.0,"[('average_q', 6.508693472345904), ('average_loss', 0.023390857285525226), ('n_updates', 80269)]"
482,10.0,"[('average_q', 6.574667006486648), ('average_loss', 0.02319841918848514), ('n_updates', 80587)]"
483,10.0,"[('average_q', 6.654242552353266), ('average_loss', 0.026896602191230655), ('n_updates', 80905)]"
484,10.0,"[('average_q', 6.7532211692879995), ('average_loss', 0.025213861123904967), ('n_updates', 81223)]"
485,10.0,"[('average_q', 6.8563956288027725), ('average_loss', 0.025067546226950635), ('n_updates', 81541)]"
486,10.0,"[('average_q', 6.913549453508861), ('average_loss', 0.02748186112421213), ('n_updates', 81859)]"
487,10.0,"[('average_q', 7.007715146264927), ('average_loss', 0.029811318941522974), ('n_updates', 82179)]"
488,2.0,"[('average_q', 6.775694444246438), ('average_loss', 0.03185327731414432), ('n_updates', 82282)]"
489,10.0,"[('average_q', 6.9283982646748585), ('average_loss', 0.03250182656699075), ('n_updates', 82600)]"
490,10.0,"[('average_q', 7.050018610532141), ('average_loss', 0.03392150710026923), ('n_updates', 82918)]"
491,10.0,"[('average_q', 7.150299445763017), ('average_loss', 0.030432810712804122), ('n_updates', 83236)]"
492,10.0,"[('average_q', 7.219064620184275), ('average_loss', 0.028570670880807274), ('n_updates', 83554)]"
493,10.0,"[('average_q', 7.272018204699181), ('average_loss', 0.030607209023899965), ('n_updates', 83872)]"
494,10.0,"[('average_q', 7.357238038549581), ('average_loss', 0.029538197870200816), ('n_updates', 84190)]"
495,10.0,"[('average_q', 7.433961168472597), ('average_loss', 0.027746844502895735), ('n_updates', 84508)]"
496,10.0,"[('average_q', 7.469845611448735), ('average_loss', 0.029496519365461733), ('n_updates', 84826)]"
497,10.0,"[('average_q', 7.544502227585563), ('average_loss', 0.03072758332869821), ('n_updates', 85144)]"
498,10.0,"[('average_q', 7.589970249109985), ('average_loss', 0.030425732455896123), ('n_updates', 85462)]"
499,10.0,"[('average_q', 7.6664898711534715), ('average_loss', 0.029742638942358027), ('n_updates', 85780)]"
500,10.0,"[('average_q', 7.760983073026775), ('average_loss', 0.03128125191740843), ('n_updates', 86098)]"
