1,22.0,"[('average_q', -0.000536074534281129), ('average_loss', 0), ('n_updates', 0)]"
2,18.0,"[('average_q', 0.0007955617132594816), ('average_loss', 0), ('n_updates', 0)]"
3,23.0,"[('average_q', 0.0015962189215795843), ('average_loss', 0), ('n_updates', 0)]"
4,22.0,"[('average_q', 0.0034254481038473615), ('average_loss', 0), ('n_updates', 0)]"
5,25.0,"[('average_q', 0.005787404936289455), ('average_loss', 0), ('n_updates', 0)]"
6,22.0,"[('average_q', 0.0066218103645388805), ('average_loss', 0), ('n_updates', 0)]"
7,28.0,"[('average_q', 0.0074547918111313415), ('average_loss', 0), ('n_updates', 0)]"
8,21.0,"[('average_q', 0.00781045936804445), ('average_loss', 0), ('n_updates', 0)]"
9,30.0,"[('average_q', 0.00841122138669702), ('average_loss', 0), ('n_updates', 0)]"
10,22.0,"[('average_q', 0.008896224054372232), ('average_loss', 0), ('n_updates', 0)]"
11,36.0,"[('average_q', 0.00926876822825734), ('average_loss', 0), ('n_updates', 0)]"
12,28.0,"[('average_q', 0.010531657473583146), ('average_loss', 0), ('n_updates', 0)]"
13,19.0,"[('average_q', 0.01113652708941384), ('average_loss', 0), ('n_updates', 0)]"
14,75.0,"[('average_q', 0.006713623651435282), ('average_loss', 0), ('n_updates', 0)]"
15,20.0,"[('average_q', 0.006965733141255142), ('average_loss', 0), ('n_updates', 0)]"
16,17.0,"[('average_q', 0.006868980697334617), ('average_loss', 0), ('n_updates', 0)]"
17,20.0,"[('average_q', 0.0063285405038263345), ('average_loss', 0), ('n_updates', 0)]"
18,41.0,"[('average_q', 0.009084160892895684), ('average_loss', 0), ('n_updates', 0)]"
19,23.0,"[('average_q', 0.008772000514535324), ('average_loss', 0.05445953334491653), ('n_updates', 12)]"
20,78.0,"[('average_q', 0.03730599243494433), ('average_loss', 0.14713502081076404), ('n_updates', 90)]"
21,44.0,"[('average_q', 0.07568263737103803), ('average_loss', 0.1931409012019354), ('n_updates', 134)]"
22,37.0,"[('average_q', 0.13228812671336548), ('average_loss', 0.14734211717579582), ('n_updates', 171)]"
23,27.0,"[('average_q', 0.17464349961488942), ('average_loss', 0.11657835950583313), ('n_updates', 198)]"
24,64.0,"[('average_q', 0.32694150109737263), ('average_loss', 0.11301743072847124), ('n_updates', 262)]"
25,20.0,"[('average_q', 0.37541771736670565), ('average_loss', 0.09998348519328269), ('n_updates', 282)]"
26,23.0,"[('average_q', 0.4272592853939724), ('average_loss', 0.11252889941155983), ('n_updates', 305)]"
27,36.0,"[('average_q', 0.539087142160122), ('average_loss', 0.1066679654834406), ('n_updates', 341)]"
28,40.0,"[('average_q', 0.6614125496907458), ('average_loss', 0.0902942784072657), ('n_updates', 381)]"
29,22.0,"[('average_q', 0.7253143405142799), ('average_loss', 0.10218284973206936), ('n_updates', 403)]"
30,22.0,"[('average_q', 0.8053845238436135), ('average_loss', 0.1190020928286212), ('n_updates', 425)]"
31,35.0,"[('average_q', 0.9383257746195311), ('average_loss', 0.11215184228867815), ('n_updates', 460)]"
32,34.0,"[('average_q', 1.0662437785506913), ('average_loss', 0.09891063055483583), ('n_updates', 494)]"
33,27.0,"[('average_q', 1.1790231758134324), ('average_loss', 0.13551203180697477), ('n_updates', 521)]"
34,32.0,"[('average_q', 1.3165108456252006), ('average_loss', 0.13777429490541476), ('n_updates', 553)]"
35,63.0,"[('average_q', 1.5885413388773832), ('average_loss', 0.17048511187939364), ('n_updates', 616)]"
36,31.0,"[('average_q', 1.7394764806415426), ('average_loss', 0.1858040608078501), ('n_updates', 647)]"
37,27.0,"[('average_q', 1.8645793436331066), ('average_loss', 0.18153741295756473), ('n_updates', 674)]"
38,23.0,"[('average_q', 1.9684342571604698), ('average_loss', 0.17076183742774875), ('n_updates', 697)]"
39,26.0,"[('average_q', 2.1065566085610046), ('average_loss', 0.1829880751907981), ('n_updates', 723)]"
40,33.0,"[('average_q', 2.2819281219711125), ('average_loss', 0.18840449997945943), ('n_updates', 756)]"
41,23.0,"[('average_q', 2.3980766317904227), ('average_loss', 0.18309819449393283), ('n_updates', 779)]"
42,97.0,"[('average_q', 2.9198232074770183), ('average_loss', 0.2250138615120863), ('n_updates', 876)]"
43,44.0,"[('average_q', 3.171585054633806), ('average_loss', 0.24100018553659247), ('n_updates', 920)]"
44,38.0,"[('average_q', 3.3999333856120466), ('average_loss', 0.2155972292660497), ('n_updates', 958)]"
45,32.0,"[('average_q', 3.5847973804664552), ('average_loss', 0.21998805241393699), ('n_updates', 990)]"
46,33.0,"[('average_q', 3.791430445787036), ('average_loss', 0.24561868603620604), ('n_updates', 1023)]"
47,30.0,"[('average_q', 3.9853133455323033), ('average_loss', 0.23076664958507395), ('n_updates', 1053)]"
48,22.0,"[('average_q', 4.123170453599522), ('average_loss', 0.22195707336449658), ('n_updates', 1075)]"
49,34.0,"[('average_q', 4.333274171875454), ('average_loss', 0.24554307048190716), ('n_updates', 1109)]"
50,22.0,"[('average_q', 4.482168118638375), ('average_loss', 0.2778496381717313), ('n_updates', 1131)]"
51,57.0,"[('average_q', 4.849612925656017), ('average_loss', 0.29721443464631203), ('n_updates', 1188)]"
52,33.0,"[('average_q', 5.07205236718037), ('average_loss', 0.30759221087573135), ('n_updates', 1221)]"
53,28.0,"[('average_q', 5.2665323252514975), ('average_loss', 0.30337817977429604), ('n_updates', 1249)]"
54,35.0,"[('average_q', 5.496076921811556), ('average_loss', 0.3103602203571005), ('n_updates', 1284)]"
55,35.0,"[('average_q', 5.732234939748852), ('average_loss', 0.33202511313713284), ('n_updates', 1319)]"
56,32.0,"[('average_q', 5.959232641186137), ('average_loss', 0.35014432519339644), ('n_updates', 1351)]"
57,51.0,"[('average_q', 6.310208274840311), ('average_loss', 0.3699745061926717), ('n_updates', 1402)]"
58,34.0,"[('average_q', 6.561913232331953), ('average_loss', 0.38169395410804646), ('n_updates', 1436)]"
59,62.0,"[('average_q', 6.987602717748391), ('average_loss', 0.36222640288020747), ('n_updates', 1498)]"
60,40.0,"[('average_q', 7.280602380963091), ('average_loss', 0.3819717935312039), ('n_updates', 1538)]"
61,29.0,"[('average_q', 7.493056187945617), ('average_loss', 0.36000053525105064), ('n_updates', 1567)]"
62,49.0,"[('average_q', 7.845585738125694), ('average_loss', 0.3995583154367718), ('n_updates', 1616)]"
63,123.0,"[('average_q', 8.758050592084384), ('average_loss', 0.4161002922916017), ('n_updates', 1739)]"
64,31.0,"[('average_q', 8.984594731618257), ('average_loss', 0.4193067784681393), ('n_updates', 1770)]"
65,40.0,"[('average_q', 9.277039933956312), ('average_loss', 0.4271714586913094), ('n_updates', 1810)]"
66,34.0,"[('average_q', 9.543651965663841), ('average_loss', 0.43491617188413684), ('n_updates', 1844)]"
67,51.0,"[('average_q', 9.919232197107252), ('average_loss', 0.4249710380137384), ('n_updates', 1895)]"
68,59.0,"[('average_q', 10.376054179159741), ('average_loss', 0.4564444455436043), ('n_updates', 1954)]"
69,47.0,"[('average_q', 10.721152727561114), ('average_loss', 0.4227846069148373), ('n_updates', 2001)]"
70,32.0,"[('average_q', 10.976619754633731), ('average_loss', 0.4189538725151595), ('n_updates', 2033)]"
71,36.0,"[('average_q', 11.253058437872852), ('average_loss', 0.47697639418413973), ('n_updates', 2069)]"
72,57.0,"[('average_q', 11.693845519250553), ('average_loss', 0.5041688902912411), ('n_updates', 2126)]"
73,28.0,"[('average_q', 11.907575618362475), ('average_loss', 0.5025277151580411), ('n_updates', 2154)]"
74,50.0,"[('average_q', 12.28190266048892), ('average_loss', 0.5093510329284681), ('n_updates', 2204)]"
75,30.0,"[('average_q', 12.519949003816198), ('average_loss', 0.5322741303501953), ('n_updates', 2234)]"
76,28.0,"[('average_q', 12.73394875764125), ('average_loss', 0.5402779050939965), ('n_updates', 2262)]"
77,49.0,"[('average_q', 13.103400900464063), ('average_loss', 0.5493861651411919), ('n_updates', 2311)]"
78,35.0,"[('average_q', 13.383037110488663), ('average_loss', 0.5742318139378444), ('n_updates', 2346)]"
79,46.0,"[('average_q', 13.728970165420401), ('average_loss', 0.5453640181963681), ('n_updates', 2392)]"
80,51.0,"[('average_q', 14.126716649604546), ('average_loss', 0.5089029433688651), ('n_updates', 2443)]"
81,26.0,"[('average_q', 14.325309797782145), ('average_loss', 0.5397766893159383), ('n_updates', 2469)]"
82,53.0,"[('average_q', 14.72874181329555), ('average_loss', 0.6073274044291415), ('n_updates', 2522)]"
83,45.0,"[('average_q', 15.07653971215826), ('average_loss', 0.5570518051199154), ('n_updates', 2567)]"
84,35.0,"[('average_q', 15.335917463264023), ('average_loss', 0.572983310334764), ('n_updates', 2602)]"
85,69.0,"[('average_q', 15.878513663039955), ('average_loss', 0.5651882307428642), ('n_updates', 2671)]"
86,25.0,"[('average_q', 16.06525959346514), ('average_loss', 0.634056656955065), ('n_updates', 2696)]"
87,55.0,"[('average_q', 16.497128152517945), ('average_loss', 0.5679957701678126), ('n_updates', 2751)]"
88,42.0,"[('average_q', 16.815130120191135), ('average_loss', 0.5941717519829609), ('n_updates', 2793)]"
89,36.0,"[('average_q', 17.097343274939767), ('average_loss', 0.5943569451590932), ('n_updates', 2829)]"
90,28.0,"[('average_q', 17.313645284616534), ('average_loss', 0.5985987669683667), ('n_updates', 2857)]"
91,31.0,"[('average_q', 17.547289800633028), ('average_loss', 0.6420448099574648), ('n_updates', 2888)]"
92,26.0,"[('average_q', 17.74363367567654), ('average_loss', 0.6359019829670152), ('n_updates', 2914)]"
93,41.0,"[('average_q', 18.06122266512355), ('average_loss', 0.6480317221676658), ('n_updates', 2955)]"
94,52.0,"[('average_q', 18.44646710548216), ('average_loss', 0.6459737824632177), ('n_updates', 3007)]"
95,35.0,"[('average_q', 18.722258610843006), ('average_loss', 0.6389652582157593), ('n_updates', 3042)]"
96,26.0,"[('average_q', 18.91971714994469), ('average_loss', 0.6497438973635618), ('n_updates', 3068)]"
97,18.0,"[('average_q', 19.053265046223846), ('average_loss', 0.6695339456234924), ('n_updates', 3086)]"
98,46.0,"[('average_q', 19.406903406290255), ('average_loss', 0.6341901857624341), ('n_updates', 3132)]"
99,83.0,"[('average_q', 20.02832600374971), ('average_loss', 0.6836267492361519), ('n_updates', 3215)]"
100,30.0,"[('average_q', 20.261936444551658), ('average_loss', 0.7035794086748438), ('n_updates', 3245)]"
101,56.0,"[('average_q', 20.675918026511585), ('average_loss', 0.7801660942310417), ('n_updates', 3301)]"
102,70.0,"[('average_q', 21.200803263722765), ('average_loss', 0.7593510183201635), ('n_updates', 3371)]"
103,23.0,"[('average_q', 21.367446107841676), ('average_loss', 0.7461008339592898), ('n_updates', 3394)]"
104,21.0,"[('average_q', 21.52220826717323), ('average_loss', 0.7615556323186428), ('n_updates', 3415)]"
105,36.0,"[('average_q', 21.794998088852733), ('average_loss', 0.8398300906391114), ('n_updates', 3451)]"
106,34.0,"[('average_q', 22.04388680752973), ('average_loss', 0.8645386344894787), ('n_updates', 3485)]"
107,26.0,"[('average_q', 22.231486008118157), ('average_loss', 0.8307399904878843), ('n_updates', 3511)]"
108,22.0,"[('average_q', 22.400959091722967), ('average_loss', 0.8267658263036813), ('n_updates', 3533)]"
109,28.0,"[('average_q', 22.60450046677691), ('average_loss', 0.8522922770749578), ('n_updates', 3561)]"
110,42.0,"[('average_q', 22.90378698012755), ('average_loss', 0.8723275644257925), ('n_updates', 3603)]"
111,33.0,"[('average_q', 23.15289295281169), ('average_loss', 0.971047730193902), ('n_updates', 3636)]"
112,70.0,"[('average_q', 23.654587756331424), ('average_loss', 0.8915626003134731), ('n_updates', 3706)]"
113,31.0,"[('average_q', 23.888859459485833), ('average_loss', 0.8558349008551815), ('n_updates', 3737)]"
114,64.0,"[('average_q', 24.342179450501487), ('average_loss', 0.8162206244858431), ('n_updates', 3801)]"
115,79.0,"[('average_q', 24.917546224463575), ('average_loss', 0.8019218164688018), ('n_updates', 3880)]"
116,51.0,"[('average_q', 25.284006600915145), ('average_loss', 0.778267720397948), ('n_updates', 3931)]"
117,31.0,"[('average_q', 25.506616924365822), ('average_loss', 0.8001114996069676), ('n_updates', 3962)]"
118,29.0,"[('average_q', 25.709923382557744), ('average_loss', 0.7591607471254023), ('n_updates', 3991)]"
119,77.0,"[('average_q', 26.256387728141437), ('average_loss', 0.8040992059132027), ('n_updates', 4068)]"
120,17.0,"[('average_q', 26.37376033428031), ('average_loss', 0.8696038890625761), ('n_updates', 4085)]"
121,63.0,"[('average_q', 26.82139129215884), ('average_loss', 0.8027354348902463), ('n_updates', 4148)]"
122,16.0,"[('average_q', 26.933839080549415), ('average_loss', 0.8548502853982244), ('n_updates', 4164)]"
123,18.0,"[('average_q', 27.057915517801423), ('average_loss', 0.8139313462407165), ('n_updates', 4182)]"
124,40.0,"[('average_q', 27.339289286396884), ('average_loss', 0.791227716168221), ('n_updates', 4222)]"
125,48.0,"[('average_q', 27.674338104193858), ('average_loss', 0.8654832945500105), ('n_updates', 4270)]"
126,49.0,"[('average_q', 28.01126099499699), ('average_loss', 0.9152770534334604), ('n_updates', 4319)]"
127,45.0,"[('average_q', 28.3280770086429), ('average_loss', 0.8636681354099146), ('n_updates', 4364)]"
128,24.0,"[('average_q', 28.491628230987143), ('average_loss', 0.8185733711900416), ('n_updates', 4388)]"
129,36.0,"[('average_q', 28.74239360987334), ('average_loss', 0.8183500461838531), ('n_updates', 4424)]"
130,28.0,"[('average_q', 28.938562391157113), ('average_loss', 0.765058774740307), ('n_updates', 4452)]"
131,51.0,"[('average_q', 29.281623130369265), ('average_loss', 0.7091849706330383), ('n_updates', 4503)]"
132,38.0,"[('average_q', 29.5499077486898), ('average_loss', 0.7857932220403424), ('n_updates', 4541)]"
133,26.0,"[('average_q', 29.72748603594951), ('average_loss', 0.8136038034772152), ('n_updates', 4567)]"
134,35.0,"[('average_q', 29.95930419595279), ('average_loss', 0.8195828257969876), ('n_updates', 4602)]"
135,18.0,"[('average_q', 30.085480621383223), ('average_loss', 0.8527037222505127), ('n_updates', 4620)]"
136,19.0,"[('average_q', 30.2179500437947), ('average_loss', 0.8300750760394071), ('n_updates', 4639)]"
137,68.0,"[('average_q', 30.66846252109761), ('average_loss', 0.7782880172611635), ('n_updates', 4707)]"
138,28.0,"[('average_q', 30.864302292854482), ('average_loss', 0.8592503101105117), ('n_updates', 4735)]"
139,33.0,"[('average_q', 31.08403442414304), ('average_loss', 0.9703055739160485), ('n_updates', 4768)]"
140,24.0,"[('average_q', 31.24104554412151), ('average_loss', 0.9320780828085478), ('n_updates', 4792)]"
141,27.0,"[('average_q', 31.421710905827887), ('average_loss', 0.9851950535310989), ('n_updates', 4819)]"
142,20.0,"[('average_q', 31.55939335973355), ('average_loss', 0.99678966142535), ('n_updates', 4839)]"
143,16.0,"[('average_q', 31.666243311164436), ('average_loss', 1.0552773920797973), ('n_updates', 4855)]"
144,34.0,"[('average_q', 31.88828371772377), ('average_loss', 1.0388370086346954), ('n_updates', 4889)]"
145,25.0,"[('average_q', 32.052748366075974), ('average_loss', 0.9556963785280985), ('n_updates', 4914)]"
146,22.0,"[('average_q', 32.20414993337897), ('average_loss', 1.0080900593670872), ('n_updates', 4936)]"
147,24.0,"[('average_q', 32.363182389297755), ('average_loss', 0.9482601562023192), ('n_updates', 4960)]"
148,17.0,"[('average_q', 32.474550145359146), ('average_loss', 0.9398730446135822), ('n_updates', 4977)]"
149,13.0,"[('average_q', 32.55676665753531), ('average_loss', 0.9442457517935611), ('n_updates', 4990)]"
150,20.0,"[('average_q', 32.68508796119821), ('average_loss', 0.9881399291775035), ('n_updates', 5010)]"
151,19.0,"[('average_q', 32.815789550222526), ('average_loss', 0.9614120768708442), ('n_updates', 5029)]"
152,66.0,"[('average_q', 33.24226297052417), ('average_loss', 0.963370043760025), ('n_updates', 5095)]"
153,43.0,"[('average_q', 33.52921790475022), ('average_loss', 0.9691441930019771), ('n_updates', 5138)]"
154,16.0,"[('average_q', 33.63368015879179), ('average_loss', 0.983019062719901), ('n_updates', 5154)]"
155,44.0,"[('average_q', 33.91530468534531), ('average_loss', 1.0335756014885664), ('n_updates', 5198)]"
156,55.0,"[('average_q', 34.27266411094773), ('average_loss', 1.1507167203824695), ('n_updates', 5253)]"
157,31.0,"[('average_q', 34.47038711215027), ('average_loss', 1.0909100344867029), ('n_updates', 5284)]"
158,29.0,"[('average_q', 34.653058003455286), ('average_loss', 1.113114666685701), ('n_updates', 5313)]"
159,32.0,"[('average_q', 34.864711392307846), ('average_loss', 1.1883783607459737), ('n_updates', 5345)]"
160,20.0,"[('average_q', 34.99180831253536), ('average_loss', 1.2376194360450425), ('n_updates', 5365)]"
161,29.0,"[('average_q', 35.17176007606419), ('average_loss', 1.2392683953955446), ('n_updates', 5394)]"
162,24.0,"[('average_q', 35.325229143305705), ('average_loss', 1.1953066382418287), ('n_updates', 5418)]"
163,34.0,"[('average_q', 35.545024193085474), ('average_loss', 1.1971840106746137), ('n_updates', 5452)]"
164,26.0,"[('average_q', 35.707832991061565), ('average_loss', 1.1849140872309218), ('n_updates', 5478)]"
165,28.0,"[('average_q', 35.87938366075233), ('average_loss', 1.1665050138201574), ('n_updates', 5506)]"
166,26.0,"[('average_q', 36.049720287720824), ('average_loss', 1.1587383741377175), ('n_updates', 5532)]"
167,27.0,"[('average_q', 36.219277318437946), ('average_loss', 1.2223512255827844), ('n_updates', 5559)]"
168,22.0,"[('average_q', 36.354913880398556), ('average_loss', 1.2703542421449987), ('n_updates', 5581)]"
169,29.0,"[('average_q', 36.531263968380124), ('average_loss', 1.26046493403314), ('n_updates', 5610)]"
170,34.0,"[('average_q', 36.7487289877018), ('average_loss', 1.2285014391611602), ('n_updates', 5644)]"
171,21.0,"[('average_q', 36.879245493801236), ('average_loss', 1.2240749906752302), ('n_updates', 5665)]"
172,25.0,"[('average_q', 37.03079112402696), ('average_loss', 1.1370331112754826), ('n_updates', 5690)]"
173,16.0,"[('average_q', 37.12599445409761), ('average_loss', 1.1593211845484694), ('n_updates', 5706)]"
174,37.0,"[('average_q', 37.36163826963642), ('average_loss', 1.1344700203775164), ('n_updates', 5743)]"
175,23.0,"[('average_q', 37.50319619039135), ('average_loss', 1.2178052413352667), ('n_updates', 5766)]"
176,39.0,"[('average_q', 37.73349466458716), ('average_loss', 1.2618826595843402), ('n_updates', 5805)]"
177,17.0,"[('average_q', 37.84088175687147), ('average_loss', 1.3875137133507522), ('n_updates', 5822)]"
178,60.0,"[('average_q', 38.201752208118826), ('average_loss', 1.422072371893707), ('n_updates', 5882)]"
179,53.0,"[('average_q', 38.52207031021145), ('average_loss', 1.4706285109871862), ('n_updates', 5935)]"
180,28.0,"[('average_q', 38.69152602802327), ('average_loss', 1.2978089963837751), ('n_updates', 5963)]"
181,24.0,"[('average_q', 38.833318991292806), ('average_loss', 1.2600857309873088), ('n_updates', 5987)]"
182,29.0,"[('average_q', 39.006982062068964), ('average_loss', 1.1411404475915878), ('n_updates', 6016)]"
183,58.0,"[('average_q', 39.35737599581979), ('average_loss', 1.1820052198627642), ('n_updates', 6074)]"
184,16.0,"[('average_q', 39.44972792675896), ('average_loss', 1.1197666015300691), ('n_updates', 6090)]"
185,41.0,"[('average_q', 39.697102011693175), ('average_loss', 1.155117734307008), ('n_updates', 6131)]"
186,34.0,"[('average_q', 39.89850905369234), ('average_loss', 1.1995133360517518), ('n_updates', 6165)]"
187,23.0,"[('average_q', 40.03054929776912), ('average_loss', 1.270352657021702), ('n_updates', 6188)]"
188,15.0,"[('average_q', 40.11570464546609), ('average_loss', 1.2811629895734704), ('n_updates', 6203)]"
189,19.0,"[('average_q', 40.23078989969477), ('average_loss', 1.2388229874867076), ('n_updates', 6222)]"
190,41.0,"[('average_q', 40.473558063405946), ('average_loss', 1.2674003993406533), ('n_updates', 6263)]"
191,32.0,"[('average_q', 40.65701415603627), ('average_loss', 1.3462536655374113), ('n_updates', 6295)]"
192,25.0,"[('average_q', 40.804652199173944), ('average_loss', 1.3805904523990735), ('n_updates', 6320)]"
193,26.0,"[('average_q', 40.95834498651672), ('average_loss', 1.3231471547877642), ('n_updates', 6346)]"
194,42.0,"[('average_q', 41.19770077644368), ('average_loss', 1.2279367222180257), ('n_updates', 6388)]"
195,23.0,"[('average_q', 41.32717645236683), ('average_loss', 1.224406488391728), ('n_updates', 6411)]"
196,41.0,"[('average_q', 41.56918957442522), ('average_loss', 1.221580910725456), ('n_updates', 6452)]"
197,21.0,"[('average_q', 41.68899555268102), ('average_loss', 1.2186842566277751), ('n_updates', 6473)]"
198,37.0,"[('average_q', 41.89623951343052), ('average_loss', 1.1383428908367854), ('n_updates', 6510)]"
199,22.0,"[('average_q', 42.026198117783046), ('average_loss', 1.2449818147716407), ('n_updates', 6532)]"
200,19.0,"[('average_q', 42.13457182752566), ('average_loss', 1.2405399944251674), ('n_updates', 6551)]"
201,35.0,"[('average_q', 42.330420412258476), ('average_loss', 1.3293410433922954), ('n_updates', 6586)]"
202,23.0,"[('average_q', 42.45738018100604), ('average_loss', 1.3252500333751136), ('n_updates', 6609)]"
203,26.0,"[('average_q', 42.60870516599594), ('average_loss', 1.3435605429976276), ('n_updates', 6635)]"
204,58.0,"[('average_q', 42.92975768977689), ('average_loss', 1.362626807642176), ('n_updates', 6693)]"
205,54.0,"[('average_q', 43.2345009653945), ('average_loss', 1.260120058882613), ('n_updates', 6747)]"
206,31.0,"[('average_q', 43.40484722568878), ('average_loss', 1.2556992890962797), ('n_updates', 6778)]"
207,26.0,"[('average_q', 43.542681646560915), ('average_loss', 1.2917249539213997), ('n_updates', 6804)]"
208,101.0,"[('average_q', 44.097427333443186), ('average_loss', 1.4265765997235156), ('n_updates', 6905)]"
209,19.0,"[('average_q', 44.2054262025306), ('average_loss', 1.4097033510921528), ('n_updates', 6924)]"
210,20.0,"[('average_q', 44.31551072664965), ('average_loss', 1.3697508013971011), ('n_updates', 6944)]"
211,26.0,"[('average_q', 44.45627525821133), ('average_loss', 1.3628788933328555), ('n_updates', 6970)]"
212,27.0,"[('average_q', 44.59859006204304), ('average_loss', 1.3858390660418838), ('n_updates', 6997)]"
213,23.0,"[('average_q', 44.72512166017868), ('average_loss', 1.3338213554348055), ('n_updates', 7020)]"
214,21.0,"[('average_q', 44.84050688688416), ('average_loss', 1.3366312904502686), ('n_updates', 7041)]"
215,25.0,"[('average_q', 44.9756942967932), ('average_loss', 1.3467369794284298), ('n_updates', 7066)]"
216,22.0,"[('average_q', 45.09126460077729), ('average_loss', 1.401344796049356), ('n_updates', 7088)]"
217,35.0,"[('average_q', 45.28038471727257), ('average_loss', 1.3453843771746334), ('n_updates', 7123)]"
218,39.0,"[('average_q', 45.49080855150589), ('average_loss', 1.6041748569673602), ('n_updates', 7162)]"
219,27.0,"[('average_q', 45.63218410776102), ('average_loss', 1.4631194449464728), ('n_updates', 7189)]"
220,28.0,"[('average_q', 45.78083791660575), ('average_loss', 1.499436270561736), ('n_updates', 7217)]"
221,24.0,"[('average_q', 45.91071633511857), ('average_loss', 1.6670022555151127), ('n_updates', 7241)]"
222,20.0,"[('average_q', 46.016730348985575), ('average_loss', 1.6494150297755599), ('n_updates', 7261)]"
223,40.0,"[('average_q', 46.22143216770141), ('average_loss', 1.4866048873082462), ('n_updates', 7301)]"
224,32.0,"[('average_q', 46.393608083180695), ('average_loss', 1.4293837836712786), ('n_updates', 7333)]"
225,63.0,"[('average_q', 46.71803155835685), ('average_loss', 1.4982672043841243), ('n_updates', 7396)]"
226,24.0,"[('average_q', 46.846243187449765), ('average_loss', 1.4013372247439497), ('n_updates', 7420)]"
227,33.0,"[('average_q', 47.0208914180645), ('average_loss', 1.3148427256159314), ('n_updates', 7453)]"
228,23.0,"[('average_q', 47.139203667185306), ('average_loss', 1.3507002900712335), ('n_updates', 7476)]"
229,28.0,"[('average_q', 47.279753228314085), ('average_loss', 1.3661609363212301), ('n_updates', 7504)]"
230,57.0,"[('average_q', 47.578238527655856), ('average_loss', 1.4863547108506168), ('n_updates', 7561)]"
231,42.0,"[('average_q', 47.785937566491896), ('average_loss', 1.7683169467210895), ('n_updates', 7603)]"
232,25.0,"[('average_q', 47.91752468537935), ('average_loss', 1.7565983758399748), ('n_updates', 7628)]"
233,26.0,"[('average_q', 48.049637847252725), ('average_loss', 1.7349528288814995), ('n_updates', 7654)]"
234,30.0,"[('average_q', 48.19853348694079), ('average_loss', 1.7527673703908062), ('n_updates', 7684)]"
235,27.0,"[('average_q', 48.332256585432646), ('average_loss', 1.6640225461073952), ('n_updates', 7711)]"
236,35.0,"[('average_q', 48.513536939568695), ('average_loss', 1.4729988265415268), ('n_updates', 7746)]"
237,44.0,"[('average_q', 48.731109719547305), ('average_loss', 1.4444078262544442), ('n_updates', 7790)]"
238,23.0,"[('average_q', 48.843872194650935), ('average_loss', 1.5849331066471084), ('n_updates', 7813)]"
239,32.0,"[('average_q', 49.005815482612306), ('average_loss', 1.5886612656728294), ('n_updates', 7845)]"
240,22.0,"[('average_q', 49.11404838722372), ('average_loss', 1.6398328150433328), ('n_updates', 7867)]"
241,40.0,"[('average_q', 49.305502741746416), ('average_loss', 1.6219812674669019), ('n_updates', 7907)]"
242,44.0,"[('average_q', 49.52558785217351), ('average_loss', 1.5705131448973333), ('n_updates', 7951)]"
243,19.0,"[('average_q', 49.616272496445895), ('average_loss', 1.6687513302416757), ('n_updates', 7970)]"
244,67.0,"[('average_q', 49.939265650879705), ('average_loss', 1.5056857670831467), ('n_updates', 8037)]"
245,38.0,"[('average_q', 50.12132845643247), ('average_loss', 1.566558861266053), ('n_updates', 8075)]"
246,60.0,"[('average_q', 50.409498104705555), ('average_loss', 1.4711281199942847), ('n_updates', 8135)]"
247,24.0,"[('average_q', 50.524395536557165), ('average_loss', 1.5070875575328888), ('n_updates', 8159)]"
248,31.0,"[('average_q', 50.66874661028351), ('average_loss', 1.631754315736376), ('n_updates', 8190)]"
249,67.0,"[('average_q', 50.98608912073698), ('average_loss', 1.4597306328512356), ('n_updates', 8257)]"
250,36.0,"[('average_q', 51.14970431917938), ('average_loss', 1.5874790503642922), ('n_updates', 8293)]"
251,33.0,"[('average_q', 51.30638210957462), ('average_loss', 1.6271818977573809), ('n_updates', 8326)]"
252,45.0,"[('average_q', 51.51568382645699), ('average_loss', 1.4162573046920222), ('n_updates', 8371)]"
253,28.0,"[('average_q', 51.64200519027576), ('average_loss', 1.4511410034403978), ('n_updates', 8399)]"
254,46.0,"[('average_q', 51.85862477796024), ('average_loss', 1.4601588751999524), ('n_updates', 8445)]"
255,37.0,"[('average_q', 52.02740552810602), ('average_loss', 1.4219901705501299), ('n_updates', 8482)]"
256,51.0,"[('average_q', 52.26218828680287), ('average_loss', 1.4088871777848484), ('n_updates', 8533)]"
257,33.0,"[('average_q', 52.41339147295999), ('average_loss', 1.364622564867048), ('n_updates', 8566)]"
258,37.0,"[('average_q', 52.57744355363764), ('average_loss', 1.5017981562039946), ('n_updates', 8603)]"
259,83.0,"[('average_q', 52.95430912052131), ('average_loss', 1.492596525289708), ('n_updates', 8686)]"
260,72.0,"[('average_q', 53.279310271806665), ('average_loss', 1.4835193959258335), ('n_updates', 8758)]"
261,27.0,"[('average_q', 53.39844996421782), ('average_loss', 1.6132753181984858), ('n_updates', 8785)]"
262,28.0,"[('average_q', 53.52290943640342), ('average_loss', 1.6162513373974126), ('n_updates', 8813)]"
263,43.0,"[('average_q', 53.71966334409836), ('average_loss', 1.726170896052748), ('n_updates', 8856)]"
264,47.0,"[('average_q', 53.92456610746862), ('average_loss', 1.6329973607962451), ('n_updates', 8903)]"
265,44.0,"[('average_q', 54.12438125550274), ('average_loss', 1.7417892394561534), ('n_updates', 8947)]"
266,46.0,"[('average_q', 54.32413894378076), ('average_loss', 1.7169004161796395), ('n_updates', 8993)]"
267,51.0,"[('average_q', 54.550837449884824), ('average_loss', 1.6234418695962747), ('n_updates', 9044)]"
268,38.0,"[('average_q', 54.71703223950392), ('average_loss', 1.5410577042794609), ('n_updates', 9082)]"
269,73.0,"[('average_q', 55.038111352752075), ('average_loss', 1.6362220675255361), ('n_updates', 9155)]"
270,80.0,"[('average_q', 55.38702059003151), ('average_loss', 1.4408561488637173), ('n_updates', 9235)]"
271,54.0,"[('average_q', 55.61881770997708), ('average_loss', 1.428549011154383), ('n_updates', 9289)]"
272,44.0,"[('average_q', 55.81114399838493), ('average_loss', 1.4944591940209033), ('n_updates', 9333)]"
273,70.0,"[('average_q', 56.106507654524066), ('average_loss', 1.5281733614925117), ('n_updates', 9403)]"
274,40.0,"[('average_q', 56.27996714522129), ('average_loss', 1.467158266146913), ('n_updates', 9443)]"
275,52.0,"[('average_q', 56.496846761898546), ('average_loss', 1.4385332534948994), ('n_updates', 9495)]"
276,48.0,"[('average_q', 56.703049123878145), ('average_loss', 1.3867852561609209), ('n_updates', 9543)]"
277,107.0,"[('average_q', 57.151543918792434), ('average_loss', 1.6456670515332659), ('n_updates', 9650)]"
278,104.0,"[('average_q', 57.584948210024415), ('average_loss', 1.633107853496713), ('n_updates', 9754)]"
279,122.0,"[('average_q', 58.08819500040311), ('average_loss', 1.4668710855998257), ('n_updates', 9876)]"
280,56.0,"[('average_q', 58.31804627918147), ('average_loss', 1.513898985928341), ('n_updates', 9932)]"
281,73.0,"[('average_q', 58.61113260168705), ('average_loss', 1.5271143189801275), ('n_updates', 10005)]"
282,62.0,"[('average_q', 58.86544547882255), ('average_loss', 1.6710128827288298), ('n_updates', 10067)]"
283,50.0,"[('average_q', 59.0645869488859), ('average_loss', 1.7391550829051552), ('n_updates', 10117)]"
284,51.0,"[('average_q', 59.27188766302863), ('average_loss', 1.5789171455438773), ('n_updates', 10168)]"
285,48.0,"[('average_q', 59.4618726198316), ('average_loss', 1.62878893635268), ('n_updates', 10216)]"
286,58.0,"[('average_q', 59.6942241725009), ('average_loss', 1.4769225209734753), ('n_updates', 10274)]"
287,33.0,"[('average_q', 59.82179991966602), ('average_loss', 1.6223285617049963), ('n_updates', 10307)]"
288,32.0,"[('average_q', 59.952369350449345), ('average_loss', 1.5520105155727053), ('n_updates', 10339)]"
289,55.0,"[('average_q', 60.16619112521887), ('average_loss', 1.6047769157821383), ('n_updates', 10394)]"
290,43.0,"[('average_q', 60.33713555037761), ('average_loss', 1.6237702828128826), ('n_updates', 10437)]"
291,61.0,"[('average_q', 60.57204420881389), ('average_loss', 1.5244292351439188), ('n_updates', 10498)]"
292,55.0,"[('average_q', 60.78970882503367), ('average_loss', 1.7696705622630786), ('n_updates', 10553)]"
293,42.0,"[('average_q', 60.949202458922), ('average_loss', 1.6692034588738711), ('n_updates', 10595)]"
294,48.0,"[('average_q', 61.13683889566719), ('average_loss', 1.8629745453322903), ('n_updates', 10643)]"
295,53.0,"[('average_q', 61.33685811945368), ('average_loss', 1.8028791354797176), ('n_updates', 10696)]"
296,46.0,"[('average_q', 61.515469726855926), ('average_loss', 1.8013759628025503), ('n_updates', 10742)]"
297,38.0,"[('average_q', 61.65850748775159), ('average_loss', 1.8244113630117964), ('n_updates', 10780)]"
298,32.0,"[('average_q', 61.77719031178364), ('average_loss', 1.9868780908913484), ('n_updates', 10812)]"
299,51.0,"[('average_q', 61.971475819717604), ('average_loss', 1.895256170316176), ('n_updates', 10863)]"
300,35.0,"[('average_q', 62.097373209058), ('average_loss', 1.8928969321819284), ('n_updates', 10898)]"
301,36.0,"[('average_q', 62.23366496939794), ('average_loss', 1.9626687836350751), ('n_updates', 10934)]"
302,46.0,"[('average_q', 62.40479979799343), ('average_loss', 1.843765420881732), ('n_updates', 10980)]"
303,82.0,"[('average_q', 62.70920934534525), ('average_loss', 1.7427832954087956), ('n_updates', 11062)]"
304,46.0,"[('average_q', 62.87287514400464), ('average_loss', 1.7146196523824193), ('n_updates', 11108)]"
305,42.0,"[('average_q', 63.03043998661956), ('average_loss', 1.8083998200382883), ('n_updates', 11150)]"
306,45.0,"[('average_q', 63.19131194921238), ('average_loss', 1.9291381674381178), ('n_updates', 11195)]"
307,89.0,"[('average_q', 63.518110665514), ('average_loss', 1.7028897215022496), ('n_updates', 11284)]"
308,48.0,"[('average_q', 63.69444031902148), ('average_loss', 1.5992181646213446), ('n_updates', 11332)]"
309,55.0,"[('average_q', 63.892827508521364), ('average_loss', 1.6980114479627728), ('n_updates', 11387)]"
310,40.0,"[('average_q', 64.03856420023888), ('average_loss', 1.8559829026135761), ('n_updates', 11427)]"
311,39.0,"[('average_q', 64.17856502190877), ('average_loss', 1.8601522018698178), ('n_updates', 11466)]"
312,49.0,"[('average_q', 64.35232846496609), ('average_loss', 1.7547874474332816), ('n_updates', 11515)]"
313,69.0,"[('average_q', 64.59824885293956), ('average_loss', 1.57323372649223), ('n_updates', 11584)]"
314,92.0,"[('average_q', 64.92139377508367), ('average_loss', 1.7386586637386843), ('n_updates', 11676)]"
315,71.0,"[('average_q', 65.16916261588634), ('average_loss', 1.8942035916838267), ('n_updates', 11747)]"
316,85.0,"[('average_q', 65.46207831083991), ('average_loss', 1.9669784131426122), ('n_updates', 11832)]"
317,39.0,"[('average_q', 65.5954607503209), ('average_loss', 1.9490115832239698), ('n_updates', 11871)]"
318,75.0,"[('average_q', 65.85511893941307), ('average_loss', 1.956645137137491), ('n_updates', 11946)]"
319,55.0,"[('average_q', 66.03913346089368), ('average_loss', 1.7614705846957865), ('n_updates', 12001)]"
320,58.0,"[('average_q', 66.23991088150885), ('average_loss', 1.7679112139519138), ('n_updates', 12059)]"
321,42.0,"[('average_q', 66.37828045877792), ('average_loss', 1.732927395742914), ('n_updates', 12101)]"
322,49.0,"[('average_q', 66.54678147174552), ('average_loss', 1.957852716063727), ('n_updates', 12150)]"
323,48.0,"[('average_q', 66.70371090483428), ('average_loss', 1.9762679600046988), ('n_updates', 12198)]"
324,91.0,"[('average_q', 67.01043388240508), ('average_loss', 1.6123759281893555), ('n_updates', 12289)]"
325,58.0,"[('average_q', 67.20594774908518), ('average_loss', 1.6107876796666825), ('n_updates', 12347)]"
326,69.0,"[('average_q', 67.4340630886843), ('average_loss', 1.6986484778467714), ('n_updates', 12416)]"
327,51.0,"[('average_q', 67.60384208754658), ('average_loss', 1.7701595421905258), ('n_updates', 12467)]"
328,75.0,"[('average_q', 67.85505047412701), ('average_loss', 1.4705956142980297), ('n_updates', 12542)]"
329,57.0,"[('average_q', 68.03851067342474), ('average_loss', 1.7522175986867417), ('n_updates', 12599)]"
330,48.0,"[('average_q', 68.19693588050635), ('average_loss', 1.8398068699186723), ('n_updates', 12647)]"
331,59.0,"[('average_q', 68.38361075829998), ('average_loss', 1.7124207187683729), ('n_updates', 12706)]"
332,40.0,"[('average_q', 68.51486940159396), ('average_loss', 1.6576798763248002), ('n_updates', 12746)]"
333,46.0,"[('average_q', 68.65932278481054), ('average_loss', 1.7028880035860214), ('n_updates', 12792)]"
334,56.0,"[('average_q', 68.8393246362153), ('average_loss', 1.5782572519821247), ('n_updates', 12848)]"
335,53.0,"[('average_q', 69.00163033641228), ('average_loss', 1.7614790373882319), ('n_updates', 12901)]"
336,52.0,"[('average_q', 69.16771334758361), ('average_loss', 1.5606995663419507), ('n_updates', 12953)]"
337,57.0,"[('average_q', 69.34369481633766), ('average_loss', 1.5928318966056512), ('n_updates', 13010)]"
338,43.0,"[('average_q', 69.47809380174299), ('average_loss', 1.549179449123684), ('n_updates', 13053)]"
339,62.0,"[('average_q', 69.66443265456519), ('average_loss', 1.4964030948898102), ('n_updates', 13115)]"
340,44.0,"[('average_q', 69.7995812922902), ('average_loss', 1.6388316317302891), ('n_updates', 13159)]"
341,52.0,"[('average_q', 69.95389120170796), ('average_loss', 1.7252825531555465), ('n_updates', 13211)]"
342,47.0,"[('average_q', 70.09872817359154), ('average_loss', 1.6093705365274686), ('n_updates', 13258)]"
343,50.0,"[('average_q', 70.24607580705023), ('average_loss', 1.540479814585418), ('n_updates', 13308)]"
344,65.0,"[('average_q', 70.44548947614295), ('average_loss', 1.567851862246067), ('n_updates', 13373)]"
345,42.0,"[('average_q', 70.56732562557916), ('average_loss', 1.5610716167068177), ('n_updates', 13415)]"
346,58.0,"[('average_q', 70.73937843309804), ('average_loss', 1.6775391663995416), ('n_updates', 13473)]"
347,48.0,"[('average_q', 70.87643767178963), ('average_loss', 1.567488687125177), ('n_updates', 13521)]"
348,54.0,"[('average_q', 71.03422623133821), ('average_loss', 1.7572397673043683), ('n_updates', 13575)]"
349,48.0,"[('average_q', 71.17607066559974), ('average_loss', 1.775544784260072), ('n_updates', 13623)]"
350,48.0,"[('average_q', 71.31850917397242), ('average_loss', 1.8303262380667045), ('n_updates', 13671)]"
351,54.0,"[('average_q', 71.47743689457864), ('average_loss', 1.8088091318560715), ('n_updates', 13725)]"
352,73.0,"[('average_q', 71.69305240162663), ('average_loss', 1.787023053596572), ('n_updates', 13798)]"
353,66.0,"[('average_q', 71.8864400296527), ('average_loss', 1.7966541946479562), ('n_updates', 13864)]"
354,45.0,"[('average_q', 72.0118742860042), ('average_loss', 1.619188595693491), ('n_updates', 13909)]"
355,52.0,"[('average_q', 72.15997923859463), ('average_loss', 1.7018172035445986), ('n_updates', 13961)]"
356,56.0,"[('average_q', 72.31889031824059), ('average_loss', 1.7147175101867707), ('n_updates', 14017)]"
357,73.0,"[('average_q', 72.52602864290735), ('average_loss', 1.7983668267441986), ('n_updates', 14090)]"
358,59.0,"[('average_q', 72.6914050535174), ('average_loss', 1.9404594436718394), ('n_updates', 14149)]"
359,60.0,"[('average_q', 72.85648400507166), ('average_loss', 2.0749471173096103), ('n_updates', 14209)]"
360,48.0,"[('average_q', 72.98863698380832), ('average_loss', 2.187777017391705), ('n_updates', 14257)]"
361,54.0,"[('average_q', 73.13544892088659), ('average_loss', 1.9638685723850509), ('n_updates', 14311)]"
362,66.0,"[('average_q', 73.32093667703265), ('average_loss', 2.1426529311707334), ('n_updates', 14377)]"
363,45.0,"[('average_q', 73.44494283952324), ('average_loss', 2.0601256945974287), ('n_updates', 14422)]"
364,76.0,"[('average_q', 73.65616772036842), ('average_loss', 1.9040693585299568), ('n_updates', 14498)]"
365,68.0,"[('average_q', 73.84081970068488), ('average_loss', 1.9127400900325762), ('n_updates', 14566)]"
366,65.0,"[('average_q', 74.01402923847611), ('average_loss', 1.8168725873039595), ('n_updates', 14631)]"
367,144.0,"[('average_q', 74.40888809377154), ('average_loss', 1.7408313931443908), ('n_updates', 14775)]"
368,84.0,"[('average_q', 74.6298857150565), ('average_loss', 1.9385275028964115), ('n_updates', 14859)]"
369,65.0,"[('average_q', 74.79213764050556), ('average_loss', 1.6958981544062957), ('n_updates', 14924)]"
370,79.0,"[('average_q', 74.99283742314704), ('average_loss', 1.683864390046946), ('n_updates', 15003)]"
371,84.0,"[('average_q', 75.23217340343808), ('average_loss', 1.8643535287228943), ('n_updates', 15087)]"
372,97.0,"[('average_q', 75.47383062159336), ('average_loss', 1.6060029462340744), ('n_updates', 15184)]"
373,63.0,"[('average_q', 75.62000978872865), ('average_loss', 1.5299431686261566), ('n_updates', 15247)]"
374,75.0,"[('average_q', 75.79294058340415), ('average_loss', 1.7425467669669619), ('n_updates', 15322)]"
375,67.0,"[('average_q', 75.94440062768734), ('average_loss', 1.890708835402048), ('n_updates', 15389)]"
376,73.0,"[('average_q', 76.11120103983151), ('average_loss', 1.839453876759114), ('n_updates', 15462)]"
377,80.0,"[('average_q', 76.29181416207638), ('average_loss', 1.85178449443372), ('n_updates', 15542)]"
378,77.0,"[('average_q', 76.45366735119995), ('average_loss', 2.0486499343463334), ('n_updates', 15619)]"
379,77.0,"[('average_q', 76.61597599147626), ('average_loss', 1.9030361689092745), ('n_updates', 15696)]"
380,181.0,"[('average_q', 77.04970486842439), ('average_loss', 1.5703064365021329), ('n_updates', 15877)]"
381,82.0,"[('average_q', 77.21114812099377), ('average_loss', 1.79711211641912), ('n_updates', 15959)]"
382,80.0,"[('average_q', 77.42239282889861), ('average_loss', 1.8641842347213844), ('n_updates', 16039)]"
383,88.0,"[('average_q', 77.59351586192955), ('average_loss', 1.7777641792394194), ('n_updates', 16127)]"
384,115.0,"[('average_q', 77.88777605813446), ('average_loss', 1.7060678676008785), ('n_updates', 16242)]"
385,108.0,"[('average_q', 78.15796153369804), ('average_loss', 1.5917124792728277), ('n_updates', 16350)]"
386,139.0,"[('average_q', 78.41396400962917), ('average_loss', 1.5506579907382145), ('n_updates', 16489)]"
387,74.0,"[('average_q', 78.59540070099033), ('average_loss', 1.5123124797170142), ('n_updates', 16563)]"
388,76.0,"[('average_q', 78.77799925512132), ('average_loss', 1.8420324003836184), ('n_updates', 16639)]"
389,58.0,"[('average_q', 78.91438093115264), ('average_loss', 1.778378733271317), ('n_updates', 16697)]"
390,80.0,"[('average_q', 79.10248046189389), ('average_loss', 1.6052606982623163), ('n_updates', 16777)]"
391,66.0,"[('average_q', 79.25657200839485), ('average_loss', 1.4667366409080742), ('n_updates', 16843)]"
392,75.0,"[('average_q', 79.42961032659977), ('average_loss', 1.476012078993947), ('n_updates', 16918)]"
393,82.0,"[('average_q', 79.61424875336388), ('average_loss', 1.648368266183246), ('n_updates', 17000)]"
394,79.0,"[('average_q', 79.79136911021828), ('average_loss', 1.3514426429700517), ('n_updates', 17079)]"
395,114.0,"[('average_q', 80.03401870461117), ('average_loss', 1.6736007291389858), ('n_updates', 17193)]"
396,60.0,"[('average_q', 80.16485909490179), ('average_loss', 1.4359089930193976), ('n_updates', 17253)]"
397,59.0,"[('average_q', 80.28846395434694), ('average_loss', 1.5656789982729), ('n_updates', 17312)]"
398,64.0,"[('average_q', 80.42425596317885), ('average_loss', 1.5754234825529192), ('n_updates', 17376)]"
399,47.0,"[('average_q', 80.52164692119217), ('average_loss', 1.4059865949630375), ('n_updates', 17423)]"
400,54.0,"[('average_q', 80.6334070366168), ('average_loss', 1.6246274186911134), ('n_updates', 17477)]"
401,82.0,"[('average_q', 80.8003428354443), ('average_loss', 1.8053659251032792), ('n_updates', 17559)]"
402,61.0,"[('average_q', 80.92137613884584), ('average_loss', 1.8070178545386117), ('n_updates', 17620)]"
403,56.0,"[('average_q', 81.03340495063469), ('average_loss', 1.9763729608966334), ('n_updates', 17676)]"
404,67.0,"[('average_q', 81.16686724262935), ('average_loss', 1.918485752634752), ('n_updates', 17743)]"
405,101.0,"[('average_q', 81.36130099491476), ('average_loss', 1.741175781517222), ('n_updates', 17844)]"
406,96.0,"[('average_q', 81.54592652985855), ('average_loss', 1.734987342054116), ('n_updates', 17940)]"
407,72.0,"[('average_q', 81.68072627964203), ('average_loss', 1.669144388411603), ('n_updates', 18012)]"
408,60.0,"[('average_q', 81.79325224405594), ('average_loss', 1.592883535374264), ('n_updates', 18072)]"
409,60.0,"[('average_q', 81.90613993322579), ('average_loss', 1.8479466054177285), ('n_updates', 18132)]"
410,69.0,"[('average_q', 82.03205466130537), ('average_loss', 1.7060044025237824), ('n_updates', 18201)]"
411,65.0,"[('average_q', 82.14905491054361), ('average_loss', 1.6028382828052339), ('n_updates', 18266)]"
412,69.0,"[('average_q', 82.27233377675228), ('average_loss', 1.6551235170545329), ('n_updates', 18335)]"
413,54.0,"[('average_q', 82.36462135369673), ('average_loss', 1.7602391218392675), ('n_updates', 18389)]"
414,58.0,"[('average_q', 82.46828846044951), ('average_loss', 2.0205906554773647), ('n_updates', 18447)]"
415,66.0,"[('average_q', 82.58288611399239), ('average_loss', 1.9294206049468792), ('n_updates', 18513)]"
416,60.0,"[('average_q', 82.69106199370253), ('average_loss', 1.7313053322313647), ('n_updates', 18573)]"
417,70.0,"[('average_q', 82.81910348411556), ('average_loss', 1.89644274582472), ('n_updates', 18643)]"
418,69.0,"[('average_q', 82.94359929961288), ('average_loss', 1.7559974521320727), ('n_updates', 18712)]"
419,64.0,"[('average_q', 83.06449176749449), ('average_loss', 1.9209190200285464), ('n_updates', 18776)]"
420,66.0,"[('average_q', 83.18420685335487), ('average_loss', 1.924487555536375), ('n_updates', 18842)]"
421,84.0,"[('average_q', 83.33639528868625), ('average_loss', 2.0193687027833476), ('n_updates', 18926)]"
422,60.0,"[('average_q', 83.43854876169664), ('average_loss', 1.9208301419456684), ('n_updates', 18986)]"
423,67.0,"[('average_q', 83.55811696375035), ('average_loss', 1.726310716300657), ('n_updates', 19053)]"
424,80.0,"[('average_q', 83.70898638276373), ('average_loss', 1.847025380121168), ('n_updates', 19133)]"
425,69.0,"[('average_q', 83.84243817627497), ('average_loss', 1.9166809593941412), ('n_updates', 19202)]"
426,72.0,"[('average_q', 83.9859857532529), ('average_loss', 1.812988960319568), ('n_updates', 19274)]"
427,80.0,"[('average_q', 84.13864642881356), ('average_loss', 1.7907522232268083), ('n_updates', 19354)]"
428,85.0,"[('average_q', 84.3066797081019), ('average_loss', 1.733264526933521), ('n_updates', 19439)]"
429,68.0,"[('average_q', 84.45591116109706), ('average_loss', 1.5811119391641764), ('n_updates', 19507)]"
430,66.0,"[('average_q', 84.59959738472743), ('average_loss', 1.4869888207294848), ('n_updates', 19573)]"
431,76.0,"[('average_q', 84.75822584417001), ('average_loss', 1.7958212417260513), ('n_updates', 19649)]"
432,99.0,"[('average_q', 84.97906806619788), ('average_loss', 2.174193430920641), ('n_updates', 19748)]"
433,84.0,"[('average_q', 85.17137125947242), ('average_loss', 1.9463597179093406), ('n_updates', 19832)]"
434,92.0,"[('average_q', 85.37153787593364), ('average_loss', 1.8269427354513055), ('n_updates', 19924)]"
435,78.0,"[('average_q', 85.54208307527834), ('average_loss', 1.4891469098560264), ('n_updates', 20002)]"
436,69.0,"[('average_q', 85.6833782154646), ('average_loss', 1.5886101193423379), ('n_updates', 20071)]"
437,61.0,"[('average_q', 85.80840234884491), ('average_loss', 1.6469577972821525), ('n_updates', 20132)]"
438,80.0,"[('average_q', 85.97699183525064), ('average_loss', 1.730898322649926), ('n_updates', 20212)]"
439,63.0,"[('average_q', 86.10324923811677), ('average_loss', 1.5966086631738767), ('n_updates', 20275)]"
440,86.0,"[('average_q', 86.29434542135544), ('average_loss', 1.7163374530674134), ('n_updates', 20361)]"
441,65.0,"[('average_q', 86.412435561037), ('average_loss', 1.5511811659302512), ('n_updates', 20426)]"
442,66.0,"[('average_q', 86.53114843809436), ('average_loss', 1.4681945626686095), ('n_updates', 20492)]"
443,166.0,"[('average_q', 86.8931513470264), ('average_loss', 1.805321015030542), ('n_updates', 20658)]"
444,59.0,"[('average_q', 86.99374079803367), ('average_loss', 1.8676422216268702), ('n_updates', 20717)]"
445,92.0,"[('average_q', 87.16696153307988), ('average_loss', 1.7105621481156763), ('n_updates', 20809)]"
446,94.0,"[('average_q', 87.33333697767222), ('average_loss', 1.7469186470115805), ('n_updates', 20903)]"
447,103.0,"[('average_q', 87.51811083615516), ('average_loss', 1.6793784864548373), ('n_updates', 21006)]"
448,77.0,"[('average_q', 87.64033241189824), ('average_loss', 1.7771703208225942), ('n_updates', 21083)]"
449,96.0,"[('average_q', 87.76359428491891), ('average_loss', 1.641900862884321), ('n_updates', 21179)]"
450,175.0,"[('average_q', 88.11355264836004), ('average_loss', 1.5487392931906163), ('n_updates', 21354)]"
451,100.0,"[('average_q', 88.22206293073168), ('average_loss', 1.5278410765680808), ('n_updates', 21454)]"
452,99.0,"[('average_q', 88.26603341076954), ('average_loss', 1.8094025449556546), ('n_updates', 21553)]"
453,111.0,"[('average_q', 88.35003736042033), ('average_loss', 1.9290546812149783), ('n_updates', 21664)]"
454,134.0,"[('average_q', 88.56440785450836), ('average_loss', 1.6879242714441791), ('n_updates', 21798)]"
455,94.0,"[('average_q', 88.51091102701231), ('average_loss', 1.5841411536511585), ('n_updates', 21892)]"
456,90.0,"[('average_q', 88.55622708820961), ('average_loss', 1.7205290966868687), ('n_updates', 21982)]"
457,102.0,"[('average_q', 88.61934426930068), ('average_loss', 1.8171696121797078), ('n_updates', 22084)]"
458,96.0,"[('average_q', 88.66151422439859), ('average_loss', 1.7001812098778022), ('n_updates', 22180)]"
459,77.0,"[('average_q', 88.61005206261676), ('average_loss', 1.669121176464321), ('n_updates', 22257)]"
460,200.0,"[('average_q', 89.22523561013168), ('average_loss', 1.7448224773535803), ('n_updates', 22457)]"
461,158.0,"[('average_q', 89.1765544929861), ('average_loss', 1.5332399085750492), ('n_updates', 22615)]"
462,180.0,"[('average_q', 89.20568215270018), ('average_loss', 1.5995113528230183), ('n_updates', 22795)]"
463,170.0,"[('average_q', 89.51112208818982), ('average_loss', 1.6669412530359098), ('n_updates', 22965)]"
464,128.0,"[('average_q', 89.64080217926755), ('average_loss', 1.9056589154929473), ('n_updates', 23093)]"
465,104.0,"[('average_q', 89.6105630787941), ('average_loss', 1.7007865482640907), ('n_updates', 23197)]"
466,96.0,"[('average_q', 89.23073399031153), ('average_loss', 1.6148212396244275), ('n_updates', 23293)]"
467,79.0,"[('average_q', 88.94519355228645), ('average_loss', 1.5236195199756433), ('n_updates', 23372)]"
468,74.0,"[('average_q', 88.51079663673812), ('average_loss', 1.4668329166273448), ('n_updates', 23446)]"
469,177.0,"[('average_q', 88.61735136472998), ('average_loss', 1.6707924933466507), ('n_updates', 23623)]"
470,117.0,"[('average_q', 88.70982838228905), ('average_loss', 1.620492972512077), ('n_updates', 23740)]"
471,110.0,"[('average_q', 88.43505444683198), ('average_loss', 1.637342921022633), ('n_updates', 23850)]"
472,118.0,"[('average_q', 88.26166985687118), ('average_loss', 1.610740180248581), ('n_updates', 23968)]"
473,150.0,"[('average_q', 88.13783763685483), ('average_loss', 1.651610078967688), ('n_updates', 24118)]"
474,159.0,"[('average_q', 84.79778386844976), ('average_loss', 1.3711551777373014), ('n_updates', 24277)]"
475,200.0,"[('average_q', 82.85866131978155), ('average_loss', 1.4982944717253417), ('n_updates', 24477)]"
476,200.0,"[('average_q', 82.06031128445265), ('average_loss', 1.6804264334924206), ('n_updates', 24677)]"
477,182.0,"[('average_q', 79.54773741950282), ('average_loss', 1.5916334646443584), ('n_updates', 24859)]"
478,200.0,"[('average_q', 82.44718501596543), ('average_loss', 1.3726565657985081), ('n_updates', 25059)]"
479,200.0,"[('average_q', 84.34790018107111), ('average_loss', 1.454503093848265), ('n_updates', 25259)]"
480,185.0,"[('average_q', 86.23523192229743), ('average_loss', 1.5018096936574397), ('n_updates', 25444)]"
481,164.0,"[('average_q', 87.38647850785581), ('average_loss', 1.1512035414237816), ('n_updates', 25608)]"
482,148.0,"[('average_q', 88.59842208298492), ('average_loss', 1.3169125174451508), ('n_updates', 25756)]"
483,153.0,"[('average_q', 89.85437924837632), ('average_loss', 1.504995615912224), ('n_updates', 25909)]"
484,150.0,"[('average_q', 90.946240346823), ('average_loss', 1.283717583015652), ('n_updates', 26059)]"
485,130.0,"[('average_q', 91.78139966512079), ('average_loss', 1.3089248768969526), ('n_updates', 26189)]"
486,162.0,"[('average_q', 92.69380759125215), ('average_loss', 1.3433310262074507), ('n_updates', 26351)]"
487,174.0,"[('average_q', 93.22912497793445), ('average_loss', 1.5900155082895793), ('n_updates', 26525)]"
488,157.0,"[('average_q', 93.99080881801316), ('average_loss', 1.2897112605174472), ('n_updates', 26682)]"
489,200.0,"[('average_q', 94.02909228724792), ('average_loss', 1.268407425702582), ('n_updates', 26882)]"
490,121.0,"[('average_q', 94.41963697123637), ('average_loss', 1.3830517392588262), ('n_updates', 27003)]"
491,129.0,"[('average_q', 94.87461472942567), ('average_loss', 1.2428477585437043), ('n_updates', 27132)]"
492,140.0,"[('average_q', 95.37225078509941), ('average_loss', 1.3612544627878107), ('n_updates', 27272)]"
493,137.0,"[('average_q', 95.59684032504381), ('average_loss', 1.1894494735738759), ('n_updates', 27409)]"
494,149.0,"[('average_q', 96.0630122926086), ('average_loss', 1.3614063024396323), ('n_updates', 27558)]"
495,173.0,"[('average_q', 96.43661990438207), ('average_loss', 1.3663596665100468), ('n_updates', 27731)]"
496,130.0,"[('average_q', 96.45580420642223), ('average_loss', 1.3508326203706047), ('n_updates', 27861)]"
497,152.0,"[('average_q', 96.76614971113688), ('average_loss', 1.2396357130781972), ('n_updates', 28013)]"
498,200.0,"[('average_q', 97.22555804146187), ('average_loss', 1.2512273014475699), ('n_updates', 28213)]"
499,194.0,"[('average_q', 97.39763526156656), ('average_loss', 1.4502247883678532), ('n_updates', 28407)]"
500,180.0,"[('average_q', 97.81175644574871), ('average_loss', 1.11401978113261), ('n_updates', 28587)]"
